,ID_HECHO,NUM_VICTIMAS,FECHA,AÑO,MES,DÍA,HORA,HH,TIPO_DE_CALLE,CALLE,COMUNA,POS X,POS Y,VICTIMA,ACUSADO
0,2016-0001,1,1/1/2016,2016,1,1,4:00:00,4,AVENIDA,PIEDRA BUENA AV.,8,-58.47533969,-34.68757022,MOTO,AUTO
1,2016-0002,1,1/2/2016,2016,1,2,1:15:00,1,GRAL PAZ,"PAZ, GRAL. AV.",9,-58.50877521,-34.66977709,AUTO,PASAJEROS
2,2016-0003,1,1/3/2016,2016,1,3,7:00:00,7,AVENIDA,ENTRE RIOS AV.,1,-58.39040293,-34.63189362,MOTO,AUTO
3,2016-0004,1,1/10/2016,2016,1,10,0:00:00,0,AVENIDA,LARRAZABAL AV.,8,-58.46503904,-34.68092974,MOTO,AUTO
4,2016-0005,1,1/21/2016,2016,1,21,5:20:00,5,AVENIDA,SAN JUAN AV.,1,-58.38718297,-34.6224663,MOTO,PASAJEROS
5,2016-0008,1,1/24/2016,2016,1,24,18:30:00,18,AVENIDA,27 DE FEBRERO AV.,8,-58.44451316,-34.68475866,MOTO,OBJETO FIJO
6,2016-0009,1,1/24/2016,2016,1,24,19:10:00,19,CALLE,NOGOYA,11,-58.50095869,-34.6082544,MOTO,AUTO
7,2016-0010,1,1/29/2016,2016,1,29,15:20:00,15,GRAL PAZ,"PAZ, GRAL. AV.",9,-58.50877521,-34.66977709,MOTO,AUTO
8,2016-0012,1,2/8/2016,2016,2,8,1:20:00,1,AVENIDA,BELGRANO AV.,1,-58.38048577,-34.61303893,MOTO,CARGAS
9,2016-0013,1,2/10/2016,2016,2,10,11:30:00,11,AVENIDA,ENTRE RIOS AV.,1,-58.39114932,-34.62477387,PEATON,AUTO
10,2016-0015,1,2/14/2016,2016,2,14,5:14:00,5,AVENIDA,"SCALABRINI ORTIZ, RAUL AV.",15,-58.4376002,-34.59912758,PEATON,AUTO
11,2016-0016,1,2/14/2016,2016,2,14,22:00:00,22,AVENIDA,REGIMIENTO DE PATRICIOS AV.,4,-58.36882665,-34.64291993,MOTO,AUTO
12,2016-0017,1,2/15/2016,2016,2,15,16:54:00,16,AVENIDA,"ACOSTA, MARIANO",8,-58.44989671,-34.65970435,PEATON,MOTO
13,2016-0019,1,2/17/2016,2016,2,17,9:30:00,9,CALLE,"DE LA TORRE, LISANDRO",9,-58.50990884,-34.65468721,PEATON,PASAJEROS
14,2016-0020,1,2/17/2016,2016,2,17,16:00:00,16,CALLE,SUIPACHA,1,-58.37952223,-34.60653282,PEATON,AUTO
15,2016-0021,1,2/17/2016,2016,2,17,23:35:00,23,AVENIDA,DIRECTORIO AV.,7,-58.45157703,-34.63063795,AUTO,AUTO
16,2016-0022,1,2/21/2016,2016,2,21,6:00:00,6,AVENIDA,9 DE JULIO AV.,1,-58.38144696,-34.61079875,MOTO,AUTO
17,2016-0025,1,2/28/2016,2016,2,28,4:50:00,4,GRAL PAZ,"PAZ, GRAL. AV.",8,-58.46244952,-34.70524971,AUTO,AUTO
18,2016-0026,1,2/28/2016,2016,2,28,7:30:00,7,CALLE,HOLMBERG,12,-58.49216191,-34.54738649,AUTO,OBJETO FIJO
19,2016-0027,1,2/28/2016,2016,2,28,9:35:00,9,AVENIDA,CURAPALIGUE AV.,7,-58.44497874,-34.63852623,AUTO,AUTO
20,2016-0028,1,3/2/2016,2016,3,2,10:00:00,10,AVENIDA,VIAMONTE,1,-58.38199706,-34.60028648,PEATON,CARGAS
21,2016-0029,1,3/4/2016,2016,3,4,17:30:00,17,AVENIDA,CABILDO AV.,12,-58.47378664,-34.54153077,PEATON,PASAJEROS
22,2016-0031,1,3/8/2016,2016,3,8,12:30:00,12,GRAL PAZ,"PAZ, GRAL. AV.",8,-58.47064556,-34.69843756,MOTO,PASAJEROS
23,2016-0034,1,3/12/2016,2016,3,12,12:30:00,12,AVENIDA,"ALCORTA, AMANCIO AV.",4,-58.40623949,-34.65076549,PEATON,PASAJEROS
24,2016-0035,1,3/13/2016,2016,3,13,6:00:00,6,AVENIDA,CORRIENTES AV.,3,-58.39228965,-34.60443527,MOTO,PASAJEROS
25,2016-0036,1,3/14/2016,2016,3,14,0:15:00,0,CALLE,HERRERA,4,-58.37813396,-34.63668504,MOTO,PASAJEROS
26,2016-0037,1,3/19/2016,2016,3,19,11:00:00,11,AVENIDA,LAFUENTE AV.,7,-58.46275892,-34.64358293,MOTO,MOTO
27,2016-0038,1,3/21/2016,2016,3,21,8:06:00,8,GRAL PAZ,"PAZ, GRAL. AV.",8,-58.49683458,-34.67892743,PEATON,PASAJEROS
28,2016-0039,1,3/23/2016,2016,3,23,1:50:00,1,AVENIDA,"MITRE, BARTOLOME",3,-58.40603217,-34.6088396,MOTO,PASAJEROS
29,2016-0041,2,3/29/2016,2016,3,29,11:00:00,11,AVENIDA,DIRECTORIO AV.,7,-58.4607655,-34.63350444,MOTO,CARGAS
30,2016-0043,1,3/30/2016,2016,3,30,18:15:00,18,AVENIDA,"DELLEPIANE, LUIS, TTE. GRAL.",8,-58.47832463,-34.67494416,PEATON,CARGAS
31,2016-0044,1,3/31/2016,2016,3,31,19:40:00,19,AVENIDA,"MORENO, JOSE MARIA AV.",7,-58.43213235,-34.63693953,MOTO,MULTIPLE
32,2016-0045,1,4/11/2016,2016,4,11,10:25:00,10,GRAL PAZ,"PAZ, GRAL. AV.",13,-58.46743471,-34.53476874,MOTO,AUTO
33,2016-0047,1,4/15/2016,2016,4,15,5:30:00,5,CALLE,LIMA,1,-58.38247061,-34.62571878,PEATON,PASAJEROS
34,2016-0048,1,4/15/2016,2016,4,15,17:40:00,17,AVENIDA,CORRIENTES AV.,15,-58.44759966,-34.5917024,PEATON,PASAJEROS
35,2016-0049,1,4/17/2016,2016,4,17,0:00:00,0,AUTOPISTA,AUTOPISTA 1 SUR PRESIDENTE ARTURO FRONDIZI,4,-58.37714647568196,-34.63657525428238,MOTO,AUTO
36,2016-0050,1,4/19/2016,2016,4,19,9:50:00,9,AVENIDA,"GORDILLO, TIMOTEO",8,-58.47305463,-34.68550712,PEATON,PASAJEROS
37,2016-0051,1,4/20/2016,2016,4,20,4:00:00,4,AVENIDA,"ALCORTA, AMANCIO AV.",4,-58.40623949,-34.65076549,MOTO,CARGAS
38,2016-0052,1,4/20/2016,2016,4,20,20:00:00,20,AUTOPISTA,"LUGONES, LEOPOLDO AV.",13,0.0,0.0,MOTO,AUTO
39,2016-0053,1,4/22/2016,2016,4,22,9:30:00,9,AVENIDA,TRIUNVIRATO AV.,12,-58.4842918,-34.57558053,PEATON,PASAJEROS
40,2016-0054,1,4/23/2016,2016,4,23,21:00:00,21,AUTOPISTA,AUTOPISTA DELLEPIANE LUIS TTE. GRAL.,8,-58.48695354,-34.68795245,MOTO,MOTO
41,2016-0055,1,4/25/2016,2016,4,25,20:30:00,20,AVENIDA,"CASTILLA, RAMON, MARISCAL",14,-58.40021959,-34.57964781,PEATON,CARGAS
42,2016-0056,1,4/26/2016,2016,4,26,4:45:00,4,AVENIDA,"CAMPOS, LUIS M. AV.",14,-58.42957885,-34.57660058,MOTO,OBJETO FIJO
43,2016-0058,1,5/4/2016,2016,5,4,14:00:00,14,CALLE,LIMA,1,-58.38247542,-34.62556293,PEATON,MOTO
44,2016-0059,1,5/8/2016,2016,5,8,16:30:00,16,CALLE,CIUDADELA,1,-58.38222219,-34.62728101,PEATON,PASAJEROS
45,2016-0064,1,5/14/2016,2016,5,14,18:11:00,18,AVENIDA,"JUSTO, JUAN B. AV.",10,-58.49485242,-34.62953445,PEATON,PASAJEROS
46,2016-0065,1,5/20/2016,2016,5,20,14:40:00,14,AVENIDA,GAONA AV.,6,-58.45227946,-34.61068024,PEATON,AUTO
47,2016-0067,1,5/21/2016,2016,5,21,17:00:00,17,AVENIDA,"DE LA TORRE, LISANDRO",8,-58.48455411,-34.6751276,MOTO,PASAJEROS
48,2016-0068,1,5/22/2016,2016,5,22,22:00:00,22,AVENIDA,"FIGUEROA ALCORTA, PRES. AV.",2,-58.39056593,-34.58418569,MOTO,PASAJEROS
49,2016-0069,1,5/23/2016,2016,5,23,3:30:00,3,AVENIDA,ENTRE RIOS AV.,3,-58.39118948,-34.62704273,AUTO,CARGAS
50,2016-0073,1,6/11/2016,2016,6,11,15:00:00,15,CALLE,"MAGARI?OS CERVANTES, A.",10,-58.49021952,-34.62025108,MOTO,CARGAS
51,2016-0074,1,6/12/2016,2016,6,12,6:40:00,6,GRAL PAZ,"PAZ, GRAL. AV.",8,-58.49896559,-34.67732118,AUTO,AUTO
52,2016-0075,1,6/12/2016,2016,6,12,23:13:00,23,AUTOPISTA,AUTOPISTA DELLEPIANE LUIS TTE. GRAL.,8,-58.47461076,-34.66874679,PEATON,AUTO
53,2016-0076,1,6/13/2016,2016,6,13,16:20:00,16,AVENIDA,SAN MARTIN AV.,15,-58.46210891,-34.60356211,PEATON,PASAJEROS
54,2016-0077,1,6/13/2016,2016,6,13,21:52:00,21,AVENIDA,"PERON, JUAN DOMINGO, TTE. GENERAL",1,-58.3702777,-34.60536123,PEATON,PASAJEROS
55,2016-0078,1,6/13/2016,2016,6,13,23:01:00,23,AVENIDA,BELGRANO AV.,3,-58.40491455,-34.6146383,MOTO,MOTO
56,2016-0079,1,6/16/2016,2016,6,16,17:13:00,17,AVENIDA,DEL LIBERTADOR AV.,13,-58.45504154,-34.54864492,AUTO,AUTO
57,2016-0080,1,6/18/2016,2016,6,18,6:42:00,6,GRAL PAZ,"PAZ, GRAL. AV.",9,-58.52927982,-34.63931752,AUTO,AUTO
58,2016-0081,1,6/22/2016,2016,6,22,7:42:00,7,AVENIDA,"LARRALDE, CRISOLOGO AV.",12,-58.4872106,-34.55904606,MOTO,AUTO
59,2016-0082,1,6/27/2016,2016,6,27,18:24:00,18,AVENIDA,LA PLATA AV.,4,-58.42273092,-34.64228803,PEATON,AUTO
60,2016-0083,1,6/28/2016,2016,6,28,20:46:00,20,AVENIDA,"ALBERDI, JUAN BAUTISTA AV.",6,-58.44788671,-34.62539009,PEATON,MOTO
61,2016-0084,1,6/29/2016,2016,6,29,22:00:00,22,CALLE,"PELLEGRINI, CARLOS",1,-58.38110563,-34.60135531,PEATON,PASAJEROS
62,2016-0085,1,6/29/2016,2016,6,29,22:00:00,22,AVENIDA,"RABANAL, FRANCISCO, INTENDENTE AV.",4,-58.42378834,-34.657341,MOTO,OTRO
63,2016-0086,1,6/30/2016,2016,6,30,16:10:00,16,AVENIDA,OLIVERA AV.,10,-58.48727942,-34.63652467,PEATON,PASAJEROS
64,2016-0087,1,7/2/2016,2016,7,3,0:10:00,0,AUTOPISTA,AUTOPISTA 1 SUR PRESIDENTE ARTURO FRONDIZI,1,-58.37864583,-34.62907067,MOTO,OBJETO FIJO
65,2016-0088,1,7/11/2016,2016,7,11,15:30:00,15,CALLE,CERETTI,12,-58.5015175,-34.56767549,PEATON,AUTO
66,2016-0089,1,7/14/2016,2016,7,14,6:40:00,6,AUTOPISTA,"LUGONES, LEOPOLDO AV.",13,-58.43233425,-34.55185825,PEATON,AUTO
67,2016-0090,1,7/14/2016,2016,7,14,22:00:00,22,AVENIDA,"SALGUERO, JERONIMO",5,-58.41971993,-34.6111224,PEATON,PASAJEROS
68,2016-0092,1,7/15/2016,2016,7,15,11:00:00,11,GRAL PAZ,"PAZ, GRAL. AV.",13,-58.46743471,-34.53476874,MOTO,CARGAS
69,2016-0093,1,7/17/2016,2016,7,17,3:30:00,3,AVENIDA,"ALBERDI, JUAN BAUTISTA AV.",6,-58.44362126,-34.62301748,AUTO,AUTO
70,2016-0095,1,7/23/2016,2016,7,23,6:12:00,6,AVENIDA,MERCEDES,11,-58.51713095,-34.59546519,MOTO,AUTO
71,2016-0096,1,7/25/2016,2016,7,25,7:00:00,7,AUTOPISTA,AUTOPISTA DELLEPIANE LUIS TTE. GRAL.,8,-58.47433193007387,-34.66684950051973,MOTO,CARGAS
72,2016-0097,1,7/26/2016,2016,7,26,18:45:00,18,CALLE,SOLIS,1,-58.39038605,-34.6156281,PEATON,AUTO
73,2016-0098,1,7/27/2016,2016,7,27,16:08:00,16,AVENIDA,SAN JUAN AV.,3,-58.40042405,-34.62356174,MOTO,CARGAS
74,2016-0099,1,7/29/2016,2016,7,29,16:00:00,16,GRAL PAZ,MOSCONI GENERAL AV.,11,-58.52340614,-34.59798754,CARGAS,CARGAS
75,2016-0100,1,8/3/2016,2016,8,3,23:27:00,23,GRAL PAZ,"PAZ, GRAL. AV.",12,-58.49491054,-34.54795581,MOTO,OBJETO FIJO
76,2016-0101,1,8/7/2016,2016,8,7,19:42:00,19,GRAL PAZ,"PAZ, GRAL. AV.",9,-58.52932872,-34.65014993,MOTO,AUTO
77,2016-0102,1,8/10/2016,2016,8,10,23:37:00,23,AVENIDA,"PERON, EVA AV.",9,-58.50011639,-34.67316502,MOTO,CARGAS
78,2016-0104,1,8/14/2016,2016,8,14,21:15:00,21,AVENIDA,ZINNY,9,-58.46635001,-34.65624369,MOTO,PASAJEROS
79,2016-0105,1,8/17/2016,2016,8,17,0:05:00,0,AVENIDA,"LACROZE, FEDERICO AV.",15,-58.45343236,-34.58435809,PEATON,PASAJEROS
80,2016-0106,1,8/19/2016,2016,8,19,21:02:00,21,AVENIDA,"PELLEGRINI, CARLOS",1,-58.38090932,-34.58927731,PEATON,PASAJEROS
81,2016-0107,1,8/20/2016,2016,8,20,8:22:00,8,AUTOPISTA,AUTOPISTA 1 SUR PRESIDENTE ARTURO FRONDIZI,4,-58.37157668,-34.65429986,MOTO,AUTO
82,2016-0109,1,8/24/2016,2016,8,24,5:45:00,5,AUTOPISTA,AUTOPISTA PERITO MORENO,9,-58.52280139,-34.63659934,AUTO,OBJETO FIJO
83,2016-0110,1,8/24/2016,2016,8,24,20:21:00,20,AVENIDA,"ALBERDI, JUAN BAUTISTA AV.",9,-58.51232237,-34.6590353,PEATON,AUTO
84,2016-0111,1,8/25/2016,2016,8,25,9:30:00,9,AUTOPISTA,LUGONES,15,-58.47461905,-34.57663634,MOTO,CARGAS
85,2016-0112,1,8/27/2016,2016,8,27,4:40:00,4,AUTOPISTA,AUTOPISTA 25 DE MAYO,1,-58.38268809,-34.62282019,MOTO,OBJETO FIJO
86,2016-0113,1,8/27/2016,2016,8,27,16:45:00,16,AVENIDA,"ALBERDI, JUAN BAUTISTA AV.",9,-58.49603546,-34.64564271,PEATON,PASAJEROS
87,2016-0114,1,8/31/2016,2016,8,31,11:20:00,11,CALLE,"SALGUERO, JERONIMO",14,-58.41848605,-34.59394733,BICICLETA,CARGAS
88,2016-0115,1,9/2/2016,2016,9,2,11:50:00,11,CALLE,ARIAS,12,-58.48935041,-34.54917673,MOTO,CARGAS
89,2016-0116,1,9/2/2016,2016,9,2,20:20:00,20,AVENIDA,27 DE FEBRERO AV.,8,-58.44451316,-34.68475866,MOTO,AUTO
90,2016-0117,1,9/3/2016,2016,9,3,15:30:00,15,AVENIDA,DEL LIBERTADOR AV.,14,-58.39936478,-34.58271474,AUTO,AUTO
91,2016-0118,1,9/4/2016,2016,9,4,3:30:00,3,AUTOPISTA,AUTOPISTA 1 SUR PRESIDENTE ARTURO FRONDIZI,1,-58.37936704,-34.62694503,AUTO,AUTO
92,2016-0119,1,9/4/2016,2016,9,4,6:40:00,6,AVENIDA,"LARRALDE, CRISOLOGO AV.",12,-58.49659234,-34.56353635,MOTO,AUTO
93,2016-0122,1,9/13/2016,2016,9,13,7:10:00,7,AVENIDA,"PERON, EVA AV.",9,-58.47256391,-34.65194557,BICICLETA,PASAJEROS
94,2016-0123,1,9/14/2016,2016,9,14,9:00:00,9,AVENIDA,ASAMBLEA AV.,7,-58.45130953,-34.64053676,MOTO,AUTO
95,2016-0124,1,9/16/2016,2016,9,16,15:24:00,15,AVENIDA,RIVADAVIA AV.,7,-58.46271207,-34.62884871,PEATON,PASAJEROS
96,2016-0125,1,9/17/2016,2016,9,17,12:14:00,12,AUTOPISTA,AUTOPISTA PERITO MORENO,10,-58.49020869,-34.64243791,MOTO,MOTO
97,2016-0126,2,9/18/2016,2016,9,18,22:45:00,22,CALLE,IRIGOYEN,10,-58.52572109,-34.62125906,AUTO,CARGAS
98,2016-0127,1,9/24/2016,2016,9,24,10:25:00,10,AVENIDA,"ACOSTA, MARIANO",8,-58.44094791,-34.66677111,PEATON,PASAJEROS
99,2016-0128,1,10/2/2016,2016,10,2,11:30:00,11,AVENIDA,CASTRO,5,-58.41914024,-34.6305389,PEATON,PASAJEROS
100,2016-0130,1,10/4/2016,2016,10,4,12:30:00,12,AUTOPISTA,AUTOPISTA 1 SUR PRESIDENTE ARTURO FRONDIZI,1,-58.37910942,-34.62764717,MOTO,CARGAS
101,2016-0131,1,10/9/2016,2016,10,9,19:13:00,19,CALLE,MIRAVE,4,-58.39871183,-34.64539318,PEATON,AUTO
102,2016-0132,1,10/10/2016,2016,10,10,2:30:00,2,AVENIDA,SAN JUAN AV.,3,-58.41036975,-34.62477021,AUTO,PASAJEROS
103,2016-0133,1,10/14/2016,2016,10,14,0:05:00,0,AVENIDA,LAS HERAS GENERAL AV.,14,-58.40204698,-34.5834269,MOTO,AUTO
104,2016-0134,1,10/23/2016,2016,10,23,5:00:00,5,AVENIDA,PIEDRA BUENA AV.,8,-58.48935287,-34.67648597,MOTO,OBJETO FIJO
105,2016-0135,1,10/24/2016,2016,10,24,5:00:00,5,AVENIDA,"FIGUEROA ALCORTA, PRES. AV.",14,-58.42260225,-34.56403694,PEATON,AUTO
106,2016-0136,1,10/25/2016,2016,10,25,0:00:00,0,AUTOPISTA,AUTOPISTA BUENOS AIRES - LA PLATA,4,0.0,0.0,MOTO,CARGAS
107,2016-0137,1,10/25/2016,2016,10,25,0:39:00,0,AVENIDA,SAN MARTIN AV.,11,-58.51537091,-34.59035925,MOTO,MOTO
108,2016-0138,1,10/27/2016,2016,10,27,20:30:00,20,AVENIDA,CABILDO AV.,13,-58.4590967,-34.55922742,BICICLETA,CARGAS
109,2016-0139,1,10/28/2016,2016,10,28,23:00:00,23,AVENIDA,"FIGUEROA ALCORTA, PRES. AV.",14,-58.42008769,-34.56539579,MOTO,MOTO
110,2016-0140,1,10/31/2016,2016,10,31,2:58:00,2,AVENIDA,JURAMENTO AV.,13,-58.45566399,-34.56147293,PASAJEROS,PASAJEROS
111,2016-0142,1,11/5/2016,2016,11,5,23:30:00,23,AVENIDA,DEL LIBERTADOR AV.,1,-58.37533517,-34.59276462,MOTO,PASAJEROS
112,2016-0143,1,11/6/2016,2016,11,6,4:41:00,4,AVENIDA,27 DE FEBRERO AV.,8,-58.44451316,-34.68475866,MOTO,AUTO
113,2016-0144,1,11/7/2016,2016,11,7,12:10:00,12,AVENIDA,"BROWN, ALTE. AV.",4,-58.35975012,-34.63343907,PEATON,PASAJEROS
114,2016-0145,1,11/7/2016,2016,11,7,20:56:00,20,AVENIDA,DEL LIBERTADOR AV.,13,-58.44523595,-34.55953855,MOTO,AUTO
115,2016-0146,1,11/9/2016,2016,11,9,20:00:00,20,AVENIDA,PICHINCHA AV.,4,-58.39626094,-34.63036565,PEATON,PASAJEROS
116,2016-0147,1,11/16/2016,2016,11,16,21:15:00,21,AVENIDA,INDEPENDENCIA AV.,1,-58.38896772,-34.61799615,AUTO,PASAJEROS
117,2016-0148,1,11/16/2016,2016,11,16,22:20:00,22,AVENIDA,GARMENDIA AV.,15,-58.46536113,-34.59484504,MOTO,MOTO
118,2016-0150,1,11/18/2016,2016,11,18,18:20:00,18,AVENIDA,"ALCORTA, AMANCIO AV.",4,-58.40879146,-34.65273216,CARGAS,CARGAS
119,2016-0152,1,11/23/2016,2016,11,23,21:10:00,21,AVENIDA,"MORENO, PERITO AV.",7,-58.46451841,-34.64991946,MOTO,AUTO
120,2016-0153,1,11/25/2016,2016,11,25,15:42:00,15,AVENIDA,ARAOZ,15,-58.4291709,-34.59485488,PEATON,MOTO
121,2016-0154,1,11/26/2016,2016,11,26,14:14:00,14,GRAL PAZ,"PAZ, GRAL. AV.",8,-58.49007772,-34.68251141,MOTO,MOTO
122,2016-0155,1,11/26/2016,2016,11,26,16:50:00,16,CALLE,MADERO,10,-58.52756365,-34.62772274,PEATON,AUTO
123,2016-0156,1,11/26/2016,2016,11,26,19:40:00,19,AVENIDA,INDEPENDENCIA AV.,3,-58.40638983,-34.61943202,MOTO,PASAJEROS
124,2016-0157,1,12/3/2016,2016,12,3,6:40:00,6,AVENIDA,"JUSTO, JUAN B. AV.",11,-58.47576807,-34.61740997,MOTO,MOTO
125,2016-0159,1,12/4/2016,2016,12,4,7:21:00,7,AVENIDA,27 DE FEBRERO AV.,8,-58.44451316,-34.68475866,AUTO,AUTO
126,2016-0160,1,12/6/2016,2016,12,6,5:30:00,5,AUTOPISTA,AUTOPISTA PERITO MORENO,9,-58.51927194,-34.63635787,CARGAS,OBJETO FIJO
127,2016-0161,1,12/6/2016,2016,12,6,7:22:00,7,AVENIDA,SANTA FE AV.,14,-58.42525456,-34.57866344,PEATON,PASAJEROS
128,2016-0162,1,12/7/2016,2016,12,7,5:00:00,5,AVENIDA,"LACROZE, FEDERICO AV.",15,-58.45396573,-34.58518167,PEATON,AUTO
129,2016-0163,1,12/10/2016,2016,12,10,7:30:00,7,GRAL PAZ,"PAZ, GRAL. AV.",11,-58.52340614,-34.59798754,MOTO,AUTO
130,2016-0164,1,12/11/2016,2016,12,11,6:16:00,6,AVENIDA,LA PLATA AV.,4,-58.42323628,-34.64119105,AUTO,AUTO
131,2016-0165,1,12/12/2016,2016,12,12,8:25:00,8,AVENIDA,"GARCIA, MARTIN AV.",4,-58.36926144,-34.62841919,BICICLETA,PASAJEROS
132,2016-0168,1,12/13/2016,2016,12,13,10:40:00,10,AVENIDA,LA PLATA AV.,4,-58.42323628,-34.64119105,MOTO,AUTO
133,2016-0169,1,12/15/2016,2016,12,15,15:30:00,15,AVENIDA,NU?EZ,12,-58.47935434,-34.55676497,MOTO,PASAJEROS
134,2016-0170,1,12/19/2016,2016,12,19,17:10:00,17,GRAL PAZ,"PAZ, GRAL. AV.",12,-58.50598256,-34.5637998,MOTO,AUTO
135,2016-0171,1,12/25/2016,2016,12,25,19:00:00,19,AUTOPISTA,"HUERGO, ING. AV.",1,-58.36607137,-34.62150748,MOTO,MOTO
136,2016-0172,1,12/26/2016,2016,12,26,8:00:00,8,AVENIDA,"GARAY, JUAN DE AV.",5,-58.41918902,-34.63174259,MOTO,CARGAS
137,2016-0173,1,12/26/2016,2016,12,26,19:52:00,19,AVENIDA,DIRECTORIO AV.,7,-58.46749188,-34.63551751,MOTO,CARGAS
138,2016-0175,1,12/27/2016,2016,12,27,8:15:00,8,CALLE,"FALCON, RAMON L.,CNEL.",7,-58.46064174,-34.62960517,PEATON,BICICLETA
139,2016-0176,1,12/28/2016,2016,12,28,1:41:00,1,AVENIDA,BELGRANO AV.,1,-58.36956186,-34.61232875,MOTO,PASAJEROS
140,2016-0177,1,12/29/2016,2016,12,29,4:00:00,4,CALLE,ARENALES,14,-58.40966671,-34.58788235,PEATON,AUTO
141,2016-0178,1,12/30/2016,2016,12,30,16:18:00,16,CALLE,REPUBLICA BOLIVARIANA DE VENEZUELA,3,-58.40288226,-34.61544091,PEATON,MULTIPLE
142,2017-0001,1,1/2/2017,2017,1,2,1:00:00,1,AVENIDA,"JUSTO, JUAN B. AV.",11,-58.4659423,-34.61028571,MOTO,CARGAS
143,2017-0003,1,1/5/2017,2017,1,5,3:10:00,3,AVENIDA,OLAVARRIA,4,-58.38957669,-34.64410277,CARGAS,CARGAS
144,2017-0007,1,1/11/2017,2017,1,11,17:00:00,17,CALLE,LIMA,1,-58.3816166,-34.61529543,PEATON,MULTIPLE
145,2017-0008,1,1/16/2017,2017,1,16,0:40:00,0,CALLE,"CABRERA, JOSE A.",14,-58.43917004,-34.58494351,MOTO,PASAJEROS
146,2017-0009,1,1/16/2017,2017,1,16,13:56:00,13,AUTOPISTA,AUTOPISTA 25 DE MAYO,5,-58.41595919,-34.62743346,MOTO,CARGAS
147,2017-0010,1,1/16/2017,2017,1,16,16:30:00,16,AVENIDA,DIRECTORIO AV.,6,-58.4356488,-34.62828656,MOTO,AUTO
148,2017-0011,1,1/22/2017,2017,1,22,2:30:00,2,GRAL PAZ,"PAZ, GRAL. AV.",12,-58.5007381,-34.5497951,MOTO,OBJETO FIJO
149,2017-0012,1,1/24/2017,2017,1,24,14:00:00,14,CALLE,TRAFUL,4,-58.40969005,-34.6505529,MOTO,CARGAS
150,2017-0013,1,1/27/2017,2017,1,27,7:00:00,7,AVENIDA,"IRIARTE, GRAL. AV.",4,-58.38972622,-34.65098981,PEATON,CARGAS
151,2017-0014,1,1/28/2017,2017,1,28,8:27:34,8,AVENIDA,DONADO,12,-58.49185972,-34.55046754,MOTO,MULTIPLE
152,2017-0015,1,2/2/2017,2017,2,2,15:18:03,15,AVENIDA,CORDOBA AV.,2,-58.39293417,-34.59963642,PEATON,AUTO
153,2017-0016,1,2/3/2017,2017,2,3,5:12:21,5,AUTOPISTA,AUTOPISTA 25 DE MAYO,1,-58.38099494,-34.62288231,MOTO,CARGAS
154,2017-0017,1,2/6/2017,2017,2,6,8:00:00,8,AVENIDA,"JUSTO, JUAN B. AV.",14,-58.429012,-34.58095431,MOTO,AUTO
155,2017-0018,1,2/9/2017,2017,2,9,7:00:00,7,GRAL PAZ,"PAZ, GRAL. AV.",9,-58.50877521,-34.66977709,MOTO,AUTO
156,2017-0021,1,2/18/2017,2017,2,18,5:30:00,5,CALLE,SARMIENTO,1,-58.38362373,-34.60509972,MOTO,PASAJEROS
157,2017-0024,1,2/23/2017,2017,2,23,20:50:00,20,AVENIDA,RIVADAVIA AV.,7,-58.46589308,-34.62955795,PEATON,PASAJEROS
158,2017-0025,1,2/24/2017,2017,2,24,17:05:00,17,AVENIDA,"FERNANDEZ DE LA CRUZ, F., GRAL. AV.",7,-58.43614426,-34.6542464,MOTO,AUTO
159,2017-0026,2,2/26/2017,2017,2,26,5:15:00,5,AVENIDA,"MORENO, PERITO AV.",4,-58.41842777,-34.64979057,AUTO,OBJETO FIJO
160,2017-0027,1,2/26/2017,2017,2,26,21:57:00,21,AVENIDA,CASEROS AV.,1,-58.38332245,-34.6319325,PEATON,AUTO
161,2017-0028,1,2/28/2017,2017,2,28,9:20:00,9,AVENIDA,GAONA AV.,6,-58.45475488,-34.61196327,PEATON,AUTO
162,2017-0029,1,3/7/2017,2017,3,7,2:15:00,2,CALLE,MOZART,9,-58.48501341,-34.64742455,MOTO,AUTO
163,2017-0030,1,3/7/2017,2017,3,7,8:00:00,8,AVENIDA,MOZART,9,-58.47010988,-34.65872088,AUTO,PASAJEROS
164,2017-0031,1,3/11/2017,2017,3,11,1:30:00,1,CALLE,24 DE NOVIEMBRE,3,-58.4099756,-34.62873635,AUTO,OBJETO FIJO
165,2017-0032,1,3/12/2017,2017,3,12,5:00:00,5,GRAL PAZ,"PAZ, GRAL. AV.",8,-58.48892175,-34.68359163,AUTO,AUTO
166,2017-0033,1,3/12/2017,2017,3,12,7:30:00,7,GRAL PAZ,"PAZ, GRAL. AV.",11,-58.52466448,-34.60325478,AUTO,AUTO
167,2017-0034,1,3/13/2017,2017,3,13,7:50:00,7,CALLE,GODOY CRUZ,14,-58.42554218,-34.57929036,PEATON,AUTO
168,2017-0035,3,3/23/2017,2017,3,23,5:00:00,5,AVENIDA,"ACHAVAL RODRIGUEZ, T., DR. AV.",1,-58.35881506,-34.61113641,AUTO,OBJETO FIJO
169,2017-0036,2,3/29/2017,2017,3,29,18:00:00,18,GRAL PAZ,"PAZ, GRAL. AV.",12,-58.51452347,-34.58159762,MOTO,PASAJEROS
170,2017-0037,1,3/31/2017,2017,3,31,3:00:00,3,AVENIDA,INDEPENDENCIA AV.,1,-58.38896772,-34.61799615,MOTO,CARGAS
171,2017-0038,1,4/1/2017,2017,4,1,19:00:00,19,AVENIDA,CASTA?ARES AV.,7,-58.44516857,-34.64363363,MOTO,AUTO
172,2017-0040,1,4/3/2017,2017,4,3,9:40:00,9,AVENIDA,"GUIRALDES, INT.",13,-58.43834197,-34.54560369,AUTO,MULTIPLE
173,2017-0041,1,4/3/2017,2017,4,3,23:15:00,23,CALLE,"FERNANDEZ MORENO, BALDOMERO",7,-58.45485084,-34.63531854,MOTO,AUTO
174,2017-0042,1,4/10/2017,2017,4,10,9:00:00,9,GRAL PAZ,"LUGONES, LEOPOLDO AV.",14,0.0,0.0,MOTO,CARGAS
175,2017-0045,1,4/14/2017,2017,4,14,6:15:00,6,CALLE,NOGOYA,10,-58.52449285,-34.62454175,MOTO,OBJETO FIJO
176,2017-0047,1,4/23/2017,2017,4,23,6:30:00,6,AVENIDA,ARGENTINA AV.,8,-58.46713742,-34.6719879,MOTO,AUTO
177,2017-0049,1,4/27/2017,2017,4,27,18:16:00,18,AVENIDA,"FERNANDEZ DE LA CRUZ, F., GRAL. AV.",8,-58.43850413,-34.65554754,PEATON,PASAJEROS
178,2017-0050,2,4/28/2017,2017,4,28,11:08:08,11,AUTOPISTA,AUTOPISTA PERITO MORENO,9,0.0,0.0,MOTO,CARGAS
179,2017-0051,1,5/1/2017,2017,5,1,3:47:47,3,AUTOPISTA,AUTOPISTA DELLEPIANE LUIS TTE. GRAL.,7,0.0,0.0,AUTO,AUTO
180,2017-0052,1,5/5/2017,2017,5,5,3:40:00,3,GRAL PAZ,"PAZ, GRAL. AV.",8,-58.49413799,-34.68095739,PEATON,CARGAS
181,2017-0053,1,5/5/2017,2017,5,5,20:16:22,20,CALLE,VIEYTES,4,-58.37547846,-34.65326075,MOTO,CARGAS
182,2017-0054,1,5/7/2017,2017,5,7,21:00:00,21,AVENIDA,DE LOS CONSTITUYENTES AV.,15,-58.48680218,-34.58689719,MOTO,AUTO
183,2017-0055,1,5/9/2017,2017,5,9,8:30:00,8,AVENIDA,DE LOS CONSTITUYENTES AV.,12,-58.49563989,-34.57962262,AUTO,AUTO
184,2017-0058,1,5/9/2017,2017,5,9,23:10:00,23,AVENIDA,CORDOBA AV.,1,-58.38403232,-34.5991594,PEATON,MOTO
185,2017-0059,1,5/11/2017,2017,5,11,9:24:00,9,CALLE,BRASIL,1,-58.38223382,-34.62693865,PEATON,PASAJEROS
186,2017-0060,1,5/13/2017,2017,5,13,7:20:00,7,AVENIDA,ESCALADA AV.,8,-58.45966521,-34.67323292,MOTO,OBJETO FIJO
187,2017-0061,1,5/15/2017,2017,5,15,13:29:30,13,AVENIDA,PARAGUAY,2,-58.39303911,-34.59871111,PEATON,MOTO
188,2017-0062,1,5/15/2017,2017,5,15,16:00:00,16,AVENIDA,"JUSTO, JUAN B. AV.",10,-58.51262106,-34.63395999,MOTO,CARGAS
189,2017-0063,1,5/17/2017,2017,5,17,10:13:00,10,AVENIDA,CHILE,1,-58.38118367,-34.61646839,PEATON,PASAJEROS
190,2017-0064,1,5/20/2017,2017,5,20,5:00:00,5,CALLE,MAIPU,1,-58.37653284,-34.60582475,CARGAS,AUTO
191,2017-0065,1,5/22/2017,2017,5,22,16:00:00,16,AVENIDA,SUAREZ AV.,4,-58.37709334,-34.64035082,BICICLETA,CARGAS
192,2017-0066,1,5/22/2017,2017,5,22,18:10:00,18,AVENIDA,SAN MARTIN AV.,15,-58.46002142,-34.60409469,PEATON,PASAJEROS
193,2017-0067,1,5/23/2017,2017,5,23,2:45:00,2,AVENIDA,DIRECTORIO AV.,6,-58.4338197,-34.62801894,MOTO,CARGAS
194,2017-0068,1,5/27/2017,2017,5,27,19:50:00,19,AVENIDA,"RABANAL, FRANCISCO, INTENDENTE AV.",8,-58.43580656,-34.66437532,MOTO,OBJETO FIJO
195,2017-0069,1,5/24/2017,2017,5,24,14:15:00,14,GRAL PAZ,"PAZ, GRAL. AV.",9,-58.52173071,-34.65997463,MOTO,AUTO
196,2017-0070,1,5/30/2017,2017,5,30,13:20:00,13,CALLE,NUEVA YORK,11,-58.50791763,-34.59804273,PEATON,AUTO
197,2017-0072,1,6/3/2017,2017,6,3,23:20:00,23,AVENIDA,DE LOS CONSTITUYENTES AV.,12,-58.49175088,-34.58226957,AUTO,AUTO
198,2017-0073,1,6/4/2017,2017,6,4,9:00:00,9,AVENIDA,CORRIENTES AV.,3,-58.40781467,-34.60425669,MOTO,AUTO
199,2017-0074,1,6/4/2017,2017,6,4,12:50:00,12,CALLE,CASCO,9,-58.52567073,-34.63787791,MOTO,AUTO
200,2017-0075,1,6/12/2017,2017,6,12,22:38:00,22,AVENIDA,DE MAYO AV.,1,-58.381542,-34.60906385,PEATON,MOTO
201,2017-0076,1,6/13/2017,2017,6,13,14:50:00,14,AVENIDA,"CASTILLO, RAMON S., PRES. AV.",2,-58.38526125,-34.5780581,PEATON,CARGAS
202,2017-0077,1,6/17/2017,2017,6,17,23:45:00,23,CALLE,FRAY JUSTO SANTAMARIA DE ORO,14,-58.42934104,-34.58451712,MOTO,CARGAS
203,2017-0079,1,6/19/2017,2017,6,19,16:26:00,16,CALLE,MEXICO,3,-58.40657493,-34.61781124,MOTO,CARGAS
204,2017-0080,1,6/22/2017,2017,6,22,10:15:00,10,AVENIDA,"ALBERDI, JUAN BAUTISTA AV.",9,-58.49525314,-34.64487785,PEATON,CARGAS
205,2017-0082,1,6/25/2017,2017,6,25,22:40:00,22,AVENIDA,ENTRE RIOS AV.,4,-58.39092851,-34.62932696,PEATON,AUTO
206,2017-0083,1,7/4/2017,2017,7,4,0:25:00,0,AVENIDA,"ALBERDI, JUAN BAUTISTA AV.",9,-58.49603546,-34.64564271,MOTO,CARGAS
207,2017-0084,1,7/5/2017,2017,7,5,12:49:00,12,AVENIDA,DEL LIBERTADOR AV.,2,-58.38502878,-34.58703485,PEATON,PASAJEROS
208,2017-0085,1,7/7/2017,2017,7,7,14:15:00,14,AVENIDA,TACUARI,4,-58.37261143,-34.63150425,PEATON,PASAJEROS
209,2017-0086,1,7/9/2017,2017,7,9,7:30:00,7,AVENIDA,RIVADAVIA AV.,9,-58.51876802,-34.63905965,PEATON,MOTO
210,2017-0087,1,7/10/2017,2017,7,10,10:45:00,10,CALLE,24 DE NOVIEMBRE,3,-58.41095567,-34.61516101,PEATON,AUTO
211,2017-0088,1,7/10/2017,2017,7,10,22:30:00,22,AVENIDA,PASEO COLON AV.,1,-58.36797542,-34.62519403,PEATON,PASAJEROS
212,2017-0089,1,7/13/2017,2017,7,13,12:05:00,12,CALLE,"LEGUIZAMON, MARTINIANO",9,-58.51514709,-34.64787051,MOTO,AUTO
213,2017-0090,1,7/15/2017,2017,7,15,5:15:00,5,GRAL PAZ,CHIVILCOY AV.,11,-58.51925642,-34.59171721,PEATON,AUTO
214,2017-0091,1,7/15/2017,2017,7,15,13:00:00,13,GRAL PAZ,SUPERI,12,-58.48671535,-34.54321216,MOTO,AUTO
215,2017-0092,1,7/24/2017,2017,7,24,22:16:01,22,AUTOPISTA,AUTOPISTA 25 DE MAYO,1,-58.38268809,-34.62282019,PEATON,AUTO
216,2017-0093,1,7/25/2017,2017,7,25,16:48:40,16,AUTOPISTA,"LUGONES, LEOPOLDO AV.",13,-58.43633522,-34.54966288,PEATON,AUTO
217,2017-0094,1,7/27/2017,2017,7,27,8:50:00,8,CALLE,"HUGO, VICTOR",10,-58.52640838,-34.61765855,BICICLETA,CARGAS
218,2017-0095,1,8/6/2017,2017,8,6,8:00:00,8,AVENIDA,CORDOBA AV.,14,-58.41894306,-34.59778875,MOTO,AUTO
219,2017-0096,1,8/7/2017,2017,8,7,19:50:00,19,AVENIDA,CABILDO AV.,13,-58.46756026,-34.54972741,PEATON,PASAJEROS
220,2017-0098,1,8/8/2017,2017,8,8,12:10:00,12,CALLE,"BONIFACIO, JOSE",7,-58.45715752,-34.63132912,PEATON,AUTO
221,2017-0099,1,8/17/2017,2017,8,17,19:45:00,19,AVENIDA,"FIGUEROA ALCORTA, PRES. AV.",14,-58.42406784,-34.56213916,BICICLETA,AUTO
222,2017-0100,1,8/21/2017,2017,8,21,7:45:00,7,CALLE,REPUBLICA BOLIVARIANA DE VENEZUELA,3,-58.3967447,-34.61512051,MOTO,OBJETO FIJO
223,2017-0101,1,8/23/2017,2017,8,23,10:00:00,10,AVENIDA,"LACROZE, FEDERICO AV.",13,-58.44537508,-34.57084818,PEATON,MULTIPLE
224,2017-0102,1,8/24/2017,2017,8,24,1:10:00,1,AVENIDA,"IRIARTE, GRAL. AV.",4,-58.40056767,-34.6510708,PEATON,CARGAS
225,2017-0104,1,8/25/2017,2017,8,25,9:00:00,9,AVENIDA,9 DE JULIO AV.,1,-58.38109568,-34.61853244,PEATON,CARGAS
226,2017-0106,1,8/31/2017,2017,8,31,19:50:00,19,CALLE,FRAY JUSTO SANTAMARIA DE ORO,14,-58.42533612,-34.58035258,PEATON,PASAJEROS
227,2017-0107,1,9/1/2017,2017,9,1,11:30:00,11,AVENIDA,DEL LIBERTADOR AV.,13,-58.46062311,-34.54395182,MOTO,CARGAS
228,2017-0108,2,9/2/2017,2017,9,2,4:53:08,4,GRAL PAZ,"PAZ, GRAL. AV.",12,-58.49491054,-34.54795581,OBJETO FIJO,AUTO
229,2017-0109,1,9/4/2017,2017,9,4,21:00:00,21,AVENIDA,DIRECTORIO AV.,7,-58.47130269,-34.63665402,MOTO,AUTO
230,2017-0110,1,9/6/2017,2017,9,6,14:15:00,14,AVENIDA,LAVALLE,1,-58.370488,-34.60189492,PEATON,PASAJEROS
231,2017-0111,1,9/7/2017,2017,9,7,18:23:37,18,CALLE,USPALLATA,4,-58.42023854,-34.6423411,PEATON,CARGAS
232,2017-0112,2,9/10/2017,2017,9,10,9:32:17,9,AUTOPISTA,AUTOPISTA 25 DE MAYO,7,-58.45807401,-34.6399743,AUTO,OBJETO FIJO
233,2017-0113,1,9/11/2017,2017,9,11,6:30:00,6,AVENIDA,SANTA FE AV.,1,-58.37697717,-34.59573848,PEATON,PASAJEROS
234,2017-0114,1,9/15/2017,2017,9,15,2:30:00,2,AVENIDA,ALVEAR AV.,2,-58.3910058,-34.5849866,AUTO,OBJETO FIJO
235,2017-0115,1,9/19/2017,2017,9,19,18:52:33,18,AVENIDA,PAVON AV.,5,-58.42182126,-34.63089661,MOTO,BICICLETA
236,2017-0116,1,9/20/2017,2017,9,20,22:24:00,22,GRAL PAZ,"PAZ, GRAL. AV.",12,-58.51389422,-34.58075791,MOTO,OBJETO FIJO
237,2017-0118,1,9/22/2017,2017,9,22,7:02:09,7,AVENIDA,VIEYTES,4,-58.37585415,-34.65232158,MOTO,AUTO
238,2017-0120,1,10/2/2017,2017,10,2,15:55:33,15,AUTOPISTA,AUTOPISTA DELLEPIANE LUIS TTE. GRAL.,9,-58.47297505,-34.66245085,MOTO,CARGAS
239,2017-0123,1,10/10/2017,2017,10,10,1:05:38,1,AVENIDA,ALBARI?O,8,-58.46855503,-34.67216349,PEATON,AUTO
240,2017-0124,1,10/12/2017,2017,10,12,14:40:28,14,CALLE,"RAMIREZ DE VELASCO, JUAN",15,-58.44254033,-34.59185043,MOTO,PASAJEROS
241,2017-0125,1,10/13/2017,2017,10,13,6:12:20,6,AVENIDA,"FERNANDEZ DE LA CRUZ, F., GRAL. AV.",8,-58.46622247,-34.67926929,MOTO,OBJETO FIJO
242,2017-0126,2,10/14/2017,2017,10,14,6:15:00,6,AVENIDA,RIESTRA AV.,8,-58.48003734,-34.68148508,AUTO,OBJETO FIJO
243,2017-0127,1,10/16/2017,2017,10,16,7:45:00,7,AVENIDA,GALLO,2,-58.41192137,-34.59800248,MOTO,MOTO
244,2017-0128,1,10/17/2017,2017,10,17,12:30:00,12,CALLE,"ARANGUREN, JUAN F., DR.",6,-58.44034689,-34.61349731,PEATON,PASAJEROS
245,2017-0129,1,10/26/2017,2017,10,26,19:15:15,19,AUTOPISTA,AUTOPISTA PERITO MORENO,9,-58.47155277,-34.64925746,MOTO,PASAJEROS
246,2017-0130,1,10/27/2017,2017,10,27,5:30:00,5,AVENIDA,CHORROARIN,15,-58.47883099,-34.59967065,AUTO,CARGAS
247,2017-0132,1,10/30/2017,2017,10,30,14:00:00,14,AVENIDA,COSQUIN,8,-58.46552171,-34.6937413,MOTO,PASAJEROS
248,2017-0134,1,11/6/2017,2017,11,6,18:00:00,18,AVENIDA,"ROCA, CNEL. AV.",8,-58.4423972,-34.66777987,PEATON,PASAJEROS
249,2017-0135,1,11/7/2017,2017,11,7,12:14:10,12,AVENIDA,WARNES AV.,15,-58.47032551,-34.59626814,MOTO,CARGAS
250,2017-0136,1,11/16/2017,2017,11,16,8:43:00,8,AVENIDA,BARCO CENTENERA DEL,4,-58.41827843,-34.65522746,PEATON,PASAJEROS
251,2017-0137,1,11/17/2017,2017,11,17,11:45:00,11,AVENIDA,MOSCONI GENERAL AV.,11,-58.51280715,-34.59279388,PEATON,CARGAS
252,2017-0138,1,11/19/2017,2017,11,19,10:30:00,10,AVENIDA,LAFUENTE AV.,7,-58.46258582,-34.64385704,MOTO,OBJETO FIJO
253,2017-0139,1,11/19/2017,2017,11,19,22:30:00,22,AVENIDA,"ROCA, CNEL. AV.",8,-58.45064148,-34.68003614,AUTO,OBJETO FIJO
254,2017-0140,1,11/19/2017,2017,11,19,23:22:17,23,AUTOPISTA,AUTOPISTA 1 SUR PRESIDENTE ARTURO FRONDIZI,4,0.0,0.0,MOTO,PASAJEROS
255,2017-0141,1,11/23/2017,2017,11,23,19:45:00,19,AVENIDA,LA PLATA AV.,6,-58.42717783,-34.62513374,PEATON,PASAJEROS
256,2017-0143,1,11/25/2017,2017,11,25,21:45:00,21,CALLE,"TRELLES, MANUEL R.",11,-58.46442001,-34.60724519,AUTO,PASAJEROS
257,2017-0144,1,11/26/2017,2017,11,26,6:45:00,6,GRAL PAZ,"ROCA, CNEL. AV.",8,-58.47064556,-34.69843756,AUTO,OBJETO FIJO
258,2017-0145,1,11/26/2017,2017,11,26,17:05:00,17,CALLE,MAZA,5,-58.41677733,-34.61223119,MOTO,AUTO
259,2017-0147,1,11/28/2017,2017,11,28,11:15:00,11,GRAL PAZ,"PAZ, GRAL. AV.",9,-58.5025179,-34.67450313,MOTO,AUTO
260,2017-0148,1,11/29/2017,2017,11,29,10:45:00,10,AVENIDA,SAN JUAN AV.,3,-58.40708125,-34.62438894,PEATON,PASAJEROS
261,2017-0149,1,11/30/2017,2017,11,30,12:20:00,12,AVENIDA,PASEO COLON AV.,1,-58.36947198,-34.61477051,PEATON,PASAJEROS
262,2017-0150,1,12/4/2017,2017,12,4,1:15:00,1,AVENIDA,RIVADAVIA AV.,9,-58.51140889,-34.63934531,PEATON,AUTO
263,2017-0151,1,12/4/2017,2017,12,4,2:15:00,2,CALLE,VIEYTES,4,-58.37460912,-34.65559133,PEATON,PASAJEROS
264,2017-0152,1,12/6/2017,2017,12,6,17:30:00,17,CALLE,CACHI,4,-58.41146277,-34.65073916,BICICLETA,PASAJEROS
265,2017-0153,2,12/11/2017,2017,12,11,2:00:00,2,AVENIDA,ROSARIO,6,-58.42855267,-34.61829385,MOTO,PASAJEROS
266,2017-0154,1,12/11/2017,2017,12,11,9:15:00,9,AVENIDA,ENTRE RIOS AV.,4,-58.39035581,-34.63412287,PEATON,PASAJEROS
267,2017-0155,1,12/12/2017,2017,12,12,21:25:41,21,AVENIDA,RIVADAVIA AV.,7,-58.45593915,-34.62656868,MOTO,MOTO
268,2017-0157,1,12/17/2017,2017,12,17,9:02:00,9,GRAL PAZ,"PAZ, GRAL. AV.",9,-58.52866211,-34.64597065,AUTO,PASAJEROS
269,2017-0158,1,12/18/2017,2017,12,18,21:30:00,21,GRAL PAZ,GUALEGUAYCHU,11,-58.52037476,-34.59407024,MOTO,AUTO
270,2017-0159,1,12/20/2017,2017,12,20,4:31:27,4,AVENIDA,INDEPENDENCIA AV.,1,-58.38896772,-34.61799615,MOTO,AUTO
271,2017-0160,1,12/22/2017,2017,12,22,13:15:00,13,AVENIDA,NAZCA AV.,7,-58.47074114,-34.62771756,PEATON,MOTO
272,2017-0161,1,12/26/2017,2017,12,26,15:30:00,15,AVENIDA,"PERON, EVA AV.",9,-58.48200819,-34.65969965,PEATON,AUTO
273,2018-0001,1,1/1/2018,2018,1,1,22:50:00,22,AVENIDA,SAN JUAN AV.,3,-58.39536773,-34.62297346,PEATON,MOTO
274,2018-0002,1,1/3/2018,2018,1,3,16:40:00,16,CALLE,PERU,1,-58.37456088,-34.61895467,BICICLETA,PASAJEROS
275,2018-0003,1,1/5/2018,2018,1,5,10:12:00,10,AVENIDA,"PUEYRREDON, HONORIO, DR. AV.",15,-58.44860217,-34.60395657,PEATON,MULTIPLE
276,2018-0004,1,1/9/2018,2018,1,9,09:40:00,9,AVENIDA,DEL LIBERTADOR AV.,13,-58.46129513,-34.54332766,MOTO,MULTIPLE
277,2018-0005,1,1/9/2018,2018,1,9,22:30:00,22,AVENIDA,PASEO COLON AV.,1,-58.36907201,-34.61953517,PEATON,PASAJEROS
278,2018-0006,1,1/10/2018,2018,1,10,21:15:00,21,CALLE,VALLE,6,-58.44062219,-34.62499107,BICICLETA,PASAJEROS
279,2018-0007,1,1/11/2018,2018,1,11,02:30:00,2,AUTOPISTA,AUTOPISTA PERITO MORENO,9,-58.52502765,-34.63601265,AUTO,AUTO
280,2018-0008,1,1/12/2018,2018,1,12,17:50:00,17,AVENIDA,"HUERGO, ING. AV.",1,-58.36659655,-34.61687778,MOTO,CARGAS
281,2018-0009,1,1/14/2018,2018,1,14,2:00:00,2,AVENIDA,PILCOMAYO,4,-58.36737389,-34.62763661,MOTO,MOTO
282,2018-0010,1,1/18/2018,2018,1,18,5:10:00,5,CALLE,CERVANTES,10,-58.49807953,-34.63038658,MOTO,CARGAS
283,2018-0011,1,1/19/2018,2018,1,19,10:30:00,10,AVENIDA,CALLAO AV.,2,-58.39092703,-34.59088447,PEATON,PASAJEROS
284,2018-0012,1,1/26/2018,2018,1,26,13:30:00,13,CALLE,OLIDEN,8,-58.46912006,-34.68049201,MOTO,PASAJEROS
285,2018-0013,1,1/28/2018,2018,1,28,08:15:00,8,AVENIDA,CONGRESO AV.,12,-58.48661286,-34.56786129,MOTO,AUTO
286,2018-0014,1,1/31/2018,2018,1,31,20:00:00,20,AVENIDA,"MORENO, PERITO AV.",7,-58.44074927,-34.65080597,PEATON,MOTO
287,2018-0015,2,2/6/2018,2018,2,6,01:00:00,1,AVENIDA,AUSTRALIA AV.,4,-58.38636298,-34.64684275,MOTO,PASAJEROS
288,2018-0016,1,2/15/2018,2018,2,15,10:15:00,10,AVENIDA,DEL LIBERTADOR AV.,1,-58.37533517,-34.59276462,MOTO,CARGAS
289,2018-0017,1,2/17/2018,2018,2,17,04:15:00,4,AVENIDA,SAN PEDRITO AV.,7,-58.46963952,-34.63070603,PEATON,AUTO
290,2018-0018,1,2/17/2018,2018,2,17,07:15:00,7,CALLE,ISABEL LA CATOLICA,4,-58.37207554,-34.64543658,MOTO,CARGAS
291,2018-0019,1,2/17/2018,2018,2,17,12:30:00,12,AVENIDA,LAS HERAS GENERAL AV.,2,-58.39189441,-34.59176378,PEATON,PASAJEROS
292,2018-0020,1,2/19/2018,2018,2,19,22:00:00,22,AUTOPISTA,AUTOPISTA PRESIDENTE HECTOR J. CAMPORA,8,-58.45012957,-34.66518343,MOTO,CARGAS
293,2018-0021,1,2/22/2018,2018,2,22,10:45:00,10,AVENIDA,"ALCORTA, AMANCIO AV.",4,-58.40184094,-34.64546845,PEATON,PASAJEROS
294,2018-0022,1,2/24/2018,2018,2,24,00:00:00,0,AVENIDA,"MONTES DE OCA, MANUEL AV.",4,-58.37441153,-34.63966783,MOTO,CARGAS
295,2018-0023,1,2/24/2018,2018,2,24,06:00:00,6,CALLE,BARCO CENTENERA DEL,6,-58.44110156,-34.62082399,MOTO,AUTO
296,2018-0024,1,2/28/2018,2018,2,28,23:00:00,23,AVENIDA,ALVAREZ THOMAS AV.,15,-58.47087351,-34.57827342,PEATON,CARGAS
297,2018-0025,1,3/4/2018,2018,3,4,22:30:00,22,AVENIDA,AVELLANEDA AV.,7,-58.4596221,-34.6224514,PEATON,AUTO
298,2018-0026,2,3/9/2018,2018,3,9,04:45:00,4,AVENIDA,"RABANAL, FRANCISCO, INTENDENTE AV.",4,-58.41657793,-34.65476216,AUTO,CARGAS
299,2018-0027,1,3/11/2018,2018,3,11,23:00:00,23,CALLE,CASTRO,5,-58.41911301,-34.63722107,PEATON,MOTO
300,2018-0028,1,3/13/2018,2018,3,13,15:45:00,15,AVENIDA,"BILBAO, FRANCISCO AV.",9,-58.47120586,-34.64251042,PEATON,CARGAS
301,2018-0029,1,3/15/2018,2018,3,15,18:00:00,18,AVENIDA,NAZCA AV.,11,-58.47418944,-34.62049672,MOTO,AUTO
302,2018-0030,1,3/20/2018,2018,3,20,01:30:00,1,AVENIDA,PLAZA,15,-58.46720441,-34.57905579,MOTO,MOTO
303,2018-0031,1,3/28/2018,2018,3,28,10:15:00,10,AVENIDA,GAONA AV.,11,-58.46909362,-34.6177971,MOTO,CARGAS
304,2018-0032,1,4/2/2018,2018,4,2,13:00:00,13,AVENIDA,CABILDO AV.,13,-58.44704343,-34.5688864,PEATON,PASAJEROS
305,2018-0033,1,4/7/2018,2018,4,7,7:30:00,7,AVENIDA,CAMARONES,10,-58.50535541,-34.62902048,MOTO,CARGAS
306,2018-0034,1,4/11/2018,2018,4,11,18:15:00,18,AVENIDA,SANTA FE AV.,2,-58.40021675,-34.59522198,PEATON,PASAJEROS
307,2018-0035,1,4/12/2018,2018,4,12,16:45:00,16,AVENIDA,RIVADAVIA AV.,7,-58.46325991,-34.62919627,PEATON,PASAJEROS
308,2018-0036,1,4/13/2018,2018,4,13,23:15:00,23,AVENIDA,SAN MARTIN AV.,15,-58.49471482,-34.59694755,MOTO,AUTO
309,2018-0037,1,4/18/2018,2018,4,18,18:45:00,18,AVENIDA,CORDOBA AV.,2,-58.3987261,-34.59975962,PEATON,CARGAS
310,2018-0038,2,4/20/2018,2018,4,20,17:10:00,17,AVENIDA,RIVADAVIA AV.,1,-58.38872177,-34.60885045,PEATON,AUTO
311,2018-0039,1,4/21/2018,2018,4,21,22:15:00,22,AUTOPISTA,"LUGONES, LEOPOLDO AV.",14,0.0,0.0,PEATON,AUTO
312,2018-0040,1,4/27/2018,2018,4,27,11:00:00,11,CALLE,"FREIRE, RAMON, CAP. GRAL.",13,-58.45686132,-34.57305993,PEATON,CARGAS
313,2018-0041,1,4/27/2018,2018,4,27,13:30:00,13,AVENIDA,LA PLATA AV.,4,-58.42281627,-34.64282424,PEATON,PASAJEROS
314,2018-0042,1,4/27/2018,2018,4,27,18:43:00,18,CALLE,BRANDSEN,4,-58.38666024,-34.63953396,MOTO,CARGAS
315,2018-0043,1,4/28/2018,2018,4,28,06:30:00,6,AVENIDA,"VILARDEBO, TEODORO",11,-58.49122843,-34.61207587,MOTO,AUTO
316,2018-0044,1,4/28/2018,2018,4,28,09:00:00,9,AVENIDA,ALBERTI,3,-58.40098306,-34.61866627,PEATON,AUTO
317,2018-0045,1,4/30/2018,2018,4,30,07:00:00,7,AVENIDA,ALVAREZ THOMAS AV.,13,-58.45448963,-34.5791692,AUTO,CARGAS
318,2018-0046,1,5/2/2018,2018,5,2,03:15:00,3,GRAL PAZ,"PAZ, GRAL. AV.",9,-58.52927982,-34.63931752,PEATON,AUTO
319,2018-0047,1,5/8/2018,2018,5,8,19:00:00,19,AVENIDA,CORRIENTES AV.,15,-58.44759966,-34.5917024,PEATON,PASAJEROS
320,2018-0048,1,5/9/2018,2018,5,9,10:30:00,10,AVENIDA,RIVADAVIA AV.,7,-58.46411215,-34.62925068,PEATON,PASAJEROS
321,2018-0049,1,5/11/2018,2018,5,11,19:15:00,19,CALLE,QUESADA,13,-58.4621322,-34.55395823,PEATON,AUTO
322,2018-0050,1,5/14/2018,2018,5,14,18:45:00,18,AVENIDA,CABILDO AV.,13,-58.45669422,-34.5620361,PEATON,PASAJEROS
323,2018-0051,1,5/15/2018,2018,5,15,21:15:00,21,CALLE,CALIFORNIA,4,-58.3597716,-34.64341878,PEATON,AUTO
324,2018-0052,1,5/18/2018,2018,5,18,20:30:00,20,AVENIDA,"CARRIL, SALVADOR MARIA DEL AV.",15,-58.49820145,-34.59070093,PEATON,PASAJEROS
325,2018-0053,1,5/20/2018,2018,5,20,02:30:00,2,CALLE,SAN LUIS,3,-58.4105928,-34.5993918,MOTO,AUTO
326,2018-0054,1,5/22/2018,2018,5,22,11:15:00,11,CALLE,LUGONES,12,-58.47969138,-34.57121563,PEATON,BICICLETA
327,2018-0055,1,5/29/2018,2018,5,29,7:30:00,7,AVENIDA,INDEPENDENCIA AV.,3,-58.40351561,-34.61883916,MOTO,AUTO
328,2018-0056,1,6/2/2018,2018,6,2,13:00:00,13,AVENIDA,RIVADAVIA AV.,9,-58.51973844,-34.63918987,PEATON,PASAJEROS
329,2018-0057,1,6/3/2018,2018,6,3,3:30:00,3,CALLE,COMBATE DE LOS POZOS,3,-58.39311376,-34.62163006,MOTO,PASAJEROS
330,2018-0058,1,6/3/2018,2018,6,3,6:30:00,6,AVENIDA,CORDOBA AV.,15,-58.43531242,-34.59082159,MOTO,AUTO
331,2018-0059,1,6/8/2018,2018,6,8,6:20:00,6,AVENIDA,"GARAY, JUAN DE AV.",5,-58.41178165,-34.63035454,MOTO,OTRO
332,2018-0060,1,6/8/2018,2018,6,8,12:50:00,12,AVENIDA,LAVALLE,1,-58.370488,-34.60189492,PEATON,PASAJEROS
333,2018-0061,1,6/10/2018,2018,6,10,11:15:00,11,CALLE,ESTADOS UNIDOS,3,-58.39883882,-34.61964833,MOTO,MOTO
334,2018-0062,1,6/14/2018,2018,6,14,1:00:00,1,CALLE,ROSARIO,6,-58.44110156,-34.62082399,PEATON,CARGAS
335,2018-0063,1,6/16/2018,2018,6,16,21:15:00,21,AVENIDA,"ALEM, LEANDRO N. AV.",1,-58.37093138,-34.59952725,PEATON,PASAJEROS
336,2018-0064,1,6/25/2018,2018,6,25,1:15:00,1,AVENIDA,VARELA AV.,7,-58.45855262,-34.63953253,AUTO,CARGAS
337,2018-0065,1,6/26/2018,2018,6,26,17:30:00,17,CALLE,"PELLEGRINI, CARLOS",1,-58.38161909,-34.59283447,MOTO,CARGAS
338,2018-0066,1,6/28/2018,2018,6,28,11:00:00,11,AVENIDA,CORRIENTES AV.,15,-58.45511899,-34.58698157,PEATON,PASAJEROS
339,2018-0067,1,6/29/2018,2018,6,29,16:15:00,16,AVENIDA,"MONTES DE OCA, MANUEL AV.",4,-58.37724226,-34.62973033,PASAJEROS,AUTO
340,2018-0068,1,7/1/2018,2018,7,1,9:00:00,9,AVENIDA,CARABOBO AV.,7,-58.45546217,-34.62930339,MOTO,AUTO
341,2018-0069,1,7/4/2018,2018,7,4,21:45:00,21,AVENIDA,CORDOBA AV.,2,-58.39897064,-34.59954925,BICICLETA,PASAJEROS
342,2018-0070,1,7/7/2018,2018,7,7,15:45:00,15,CALLE,ESTADOS UNIDOS,3,-58.40917826,-34.62126274,MOTO,PASAJEROS
343,2018-0071,1,7/10/2018,2018,7,10,17:50:00,17,AVENIDA,MORENO,1,-58.36726348,-34.61099738,MOTO,CARGAS
344,2018-0072,1,7/11/2018,2018,7,11,13:15:00,13,AUTOPISTA,AUTOPISTA DELLEPIANE LUIS TTE. GRAL.,8,-58.48267426,-34.68454456,MOTO,CARGAS
345,2018-0073,1,7/11/2018,2018,7,11,15:45:00,15,AVENIDA,"IRIARTE, GRAL. AV.",4,-58.39546165,-34.65168841,PEATON,CARGAS
346,2018-0074,1,7/14/2018,2018,7,14,6:04:00,6,AVENIDA,"ALBERDI, JUAN BAUTISTA AV.",7,-58.46941984,-34.63376545,AUTO,CARGAS
347,2018-0075,1,7/15/2018,2018,7,15,7:30:00,7,AVENIDA,DEL LIBERTADOR AV.,14,-58.40367321,-34.58129246,PEATON,AUTO
348,2018-0076,1,7/16/2018,2018,7,16,9:30:00,9,CALLE,"CHAVEZ, JORGE",9,-58.52932872,-34.65014993,AUTO,CARGAS
349,2018-0077,1,7/16/2018,2018,7,16,23:15:00,23,CALLE,"URQUIZA, GRAL.",3,-58.40917826,-34.62126274,AUTO,CARGAS
350,2018-0078,1,7/21/2018,2018,7,21,6:15:00,6,CALLE,PARAGUAY,2,-58.41264127,-34.59473294,PEATON,AUTO
351,2018-0079,1,7/23/2018,2018,7,23,7:15:00,7,GRAL PAZ,DE LOS CORRALES AV.,9,-58.50877521,-34.66977709,PEATON,CARGAS
352,2018-0080,1,7/25/2018,2018,7,25,22:22:00,22,AVENIDA,"ALBERDI, JUAN BAUTISTA AV.",9,-58.51232237,-34.6590353,PEATON,AUTO
353,2018-0081,1,7/29/2018,2018,7,29,6:30:00,6,AVENIDA,CASTANARES AV.,7,-58.44744156,-34.64567171,PEATON,MULTIPLE
354,2018-0082,1,8/1/2018,2018,8,1,15:53:00,15,AVENIDA,LARRAZABAL,9,-58.49441273,-34.65869968,MOTO,CARGAS
355,2018-0083,1,8/2/2018,2018,8,2,5:20:00,5,GRAL PAZ,"PAZ, GRAL. AV.",8,-58.47976785,-34.69153196,MOTO,CARGAS
356,2018-0084,1,8/3/2018,2018,8,3,7:25:00,7,AVENIDA,"MOREAU DE JUSTO, ALICIA AV.",1,-58.36523349,-34.62260331,PEATON,CARGAS
357,2018-0085,2,8/3/2018,2018,8,3,18:16:00,18,AVENIDA,ENTRE RIOS AV.,3,-58.39118948,-34.62704273,MOTO,PASAJEROS
358,2018-0086,1,8/10/2018,2018,8,10,21:44:00,21,AVENIDA,DIRECTORIO AV.,9,-58.49019551,-34.65015854,PEATON,PASAJEROS
359,2018-0087,1,8/15/2018,2018,8,15,19:20:00,19,AVENIDA,PAVON AV.,5,-58.41644362,-34.63023775,PEATON,PASAJEROS
360,2018-0088,1,8/17/2018,2018,8,17,16:36:00,16,GRAL PAZ,"PAZ, GRAL. AV.",12,-58.5007381,-34.5497951,MOTO,CARGAS
361,2018-0089,1,8/17/2018,2018,8,17,17:56:00,17,AVENIDA,PICHINCHA AV.,4,-58.39626094,-34.63036565,PEATON,PASAJEROS
362,2018-0090,1,8/18/2018,2018,8,18,10:34:00,10,AVENIDA,27 DE FEBRERO AV.,8,-58.43284809,-34.67051543,MOTO,AUTO
363,2018-0091,1,8/19/2018,2018,8,19,18:47:00,18,AUTOPISTA,AUTOPISTA PERITO MORENO,9,-58.52280139,-34.63659934,AUTO,AUTO
364,2018-0092,1,8/20/2018,2018,8,20,08:20:00,8,AVENIDA,CORDOBA AV.,14,-58.4233693,-34.59774487,MOTO,AUTO
365,2018-0093,1,8/20/2018,2018,8,20,08:41:00,8,CALLE,15 DE NOVIEMBRE DE 1889,1,-58.38691681,-34.63105973,PEATON,PASAJEROS
366,2018-0094,1,8/23/2018,2018,8,23,05:35:00,5,CALLE,"SALGUERO, JERONIMO",14,-58.4116902,-34.5857988,MOTO,PASAJEROS
367,2018-0095,1,8/26/2018,2018,8,26,00:59:00,0,AVENIDA,LACARRA AV.,9,-58.46739825,-34.65117757,AUTO,AUTO
368,2018-0096,1,8/31/2018,2018,8,31,22:20:00,22,AUTOPISTA,AUTOPISTA PRESIDENTE H?CTOR J. C?MPORA,8,-58.44483258,-34.67152226,PEATON,AUTO
369,2018-0097,1,9/2/2018,2018,9,2,10:50:00,10,AVENIDA,VARELA AV.,8,-58.43254025,-34.66128115,AUTO,OTRO
370,2018-0098,2,9/9/2018,2018,9,9,05:00:00,5,GRAL PAZ,"PAZ, GRAL. AV.",8,-58.47199387,-34.69640164,AUTO,AUTO
371,2018-0099,1,9/12/2018,2018,9,12,14:25:00,14,AVENIDA,RIVADAVIA AV.,7,-58.46411215,-34.62925068,PEATON,PASAJEROS
372,2018-0100,1,9/20/2018,2018,9,20,10:30:00,10,AVENIDA,"RAWSON DE DELLEPIANE, ELVIRA AV.",1,-58.36217754,-34.62367156,MOTO,AUTO
373,2018-0101,1,9/21/2018,2018,9,21,00:15:00,0,GRAL PAZ,"PAZ, GRAL. AV.",12,-58.48098594,-34.5407313,AUTO,MULTIPLE
374,2018-0102,1,9/21/2018,2018,9,21,00:30:00,0,CALLE,FAMATINA,4,-58.41083404,-34.64640709,MOTO,AUTO
375,2018-0103,1,9/27/2018,2018,9,27,17:51:00,17,AVENIDA,CASTA?ARES AV.,7,-58.44609828,-34.64446729,PEATON,MOTO
376,2018-0104,1,10/1/2018,2018,10,1,8:58:00,8,AUTOPISTA,AUTOPISTA 1 SUR PRESIDENTE ARTURO FRONDIZI,4,-58.37709334,-34.64035082,MOTO,MOTO
377,2018-0105,1,10/3/2018,2018,10,3,18:12:00,18,AVENIDA,NAZCA AV.,7,-58.46963952,-34.63070603,PEATON,PASAJEROS
378,2018-0106,1,10/4/2018,2018,10,4,22:02:00,22,AVENIDA,"FIGUEROA ALCORTA, PRES. AV.",13,-58.43674281,-34.55161027,MOTO,MOTO
379,2018-0107,1,10/6/2018,2018,10,6,14:20:00,14,AVENIDA,RIVADAVIA AV.,3,-58.4059686,-34.61011987,PEATON,PASAJEROS
380,2018-0108,1,10/9/2018,2018,10,9,14:00:00,14,AVENIDA,DE LOS ITALIANOS AV.,1,-58.36154069,-34.60463618,MOTO,AUTO
381,2018-0109,1,10/10/2018,2018,10,10,22:12:00,22,AVENIDA,TUCUMAN,1,-58.37062179,-34.60066507,PEATON,PASAJEROS
382,2018-0110,1,10/13/2018,2018,10,13,03:05:00,3,AVENIDA,CORRIENTES AV.,15,-58.43220014,-34.60207186,PEATON,MOTO
383,2018-0111,1,10/19/2018,2018,10,19,12:13:00,12,AUTOPISTA,AUTOPISTA PERITO MORENO,9,-58.46958442,-34.64949724,MOTO,CARGAS
384,2018-0112,1,10/24/2018,2018,10,24,09:18:00,9,CALLE,MU?ECAS,15,-58.44671397,-34.59970903,MOTO,CARGAS
385,2018-0113,1,10/25/2018,2018,10,25,11:00:00,11,CALLE,"ARTIGAS, JOSE GERVASIO, GRAL.",11,-58.47152163,-34.61474911,MOTO,CARGAS
386,2018-0114,1,10/30/2018,2018,10,30,02:15:00,2,AVENIDA,SOLIS,1,-58.39032921,-34.61807951,MOTO,AUTO
387,2018-0115,1,10/31/2018,2018,10,31,12:30:00,12,CALLE,"BOSCH, VENTURA",9,-58.52887773,-34.64297861,PEATON,PASAJEROS
388,2018-0116,1,11/1/2018,2018,11,1,10:50:00,10,GRAL PAZ,"PAZ, GRAL. AV.",8,-58.49371157,-34.67981324,PEATON,CARGAS
389,2018-0117,1,11/4/2018,2018,11,4,8:15:00,8,AVENIDA,"PERON, EVA AV.",9,-58.48266599,-34.66012327,MOTO,MOTO
390,2018-0118,1,11/5/2018,2018,11,5,14:49:00,14,AVENIDA,"PERON, JUAN DOMINGO, TTE. GENERAL",3,-58.40612253,-34.60774301,PEATON,MOTO
391,2018-0119,1,11/5/2018,2018,11,5,22:35:00,22,AVENIDA,"RABANAL, FRANCISCO, INTENDENTE AV.",8,-58.43613623,-34.66292532,PEATON,AUTO
392,2018-0120,1,11/9/2018,2018,11,9,13:34:00,13,AVENIDA,MONROE,12,-58.48250732,-34.57208238,PEATON,AUTO
393,2018-0121,1,11/9/2018,2018,11,9,16:32:00,16,AVENIDA,RIVADAVIA AV.,10,-58.49945705,-34.6374328,PEATON,PASAJEROS
394,2018-0122,1,11/12/2018,2018,11,12,01:00:00,1,AUTOPISTA,AUTOPISTA DELLEPIANE LUIS TTE. GRAL.,8,-58.47743966,-34.67233407,AUTO,AUTO
395,2018-0123,1,11/12/2018,2018,11,12,03:32:00,3,GRAL PAZ,"PAZ, GRAL. AV.",9,-58.5025179,-34.67450313,AUTO,AUTO
396,2018-0124,1,11/15/2018,2018,11,15,19:40:00,19,AUTOPISTA,AUTOPISTA PERITO MORENO,9,-58.52144411,-34.63682499,CARGAS,CARGAS
397,2018-0125,1,11/16/2018,2018,11,16,21:12:00,21,AVENIDA,SAENZ AV.,4,-58.41650465,-34.65084045,PEATON,PASAJEROS
398,2018-0126,1,11/18/2018,2018,11,18,12:11:00,12,GRAL PAZ,"PAZ, GRAL. AV.",9,-58.52994219,-34.64055918,MOTO,AUTO
399,2018-0127,1,11/19/2018,2018,11,19,09:14:00,9,GRAL PAZ,"PAZ, GRAL. AV.",12,-58.50993046,-34.56919739,MOTO,MOTO
400,2018-0128,2,11/25/2018,2018,11,25,04:30:00,4,GRAL PAZ,"PAZ, GRAL. AV.",9,-58.52844623,-34.64592873,AUTO,PASAJEROS
401,2018-0129,1,11/28/2018,2018,11,28,04:01:00,4,AVENIDA,"NEWBERY, JORGE AV.",15,-58.45021367,-34.58695347,MOTO,PASAJEROS
402,2018-0130,1,12/3/2018,2018,12,3,03:00:00,3,AVENIDA,GAONA AV.,10,-58.49022072,-34.62770192,MOTO,PASAJEROS
403,2018-0131,1,12/7/2018,2018,12,7,19:10:00,19,AVENIDA,"MADERO, EDUARDO AV.",1,-58.36860866,-34.60106568,MOTO,CARGAS
404,2018-0132,1,12/12/2018,2018,12,12,08:26:00,8,AUTOPISTA,AUTOPISTA ARTURO ILLIA,2,-58.39490504,-34.57241534,PEATON,CARGAS
405,2018-0133,1,12/12/2018,2018,12,12,14:07:00,14,AVENIDA,NAZCA AV.,7,-58.46963952,-34.63070603,PEATON,CARGAS
406,2018-0134,1,12/12/2018,2018,12,12,21:00:00,21,AVENIDA,LA PLATA AV.,7,-58.42349365,-34.64019887,PEATON,MOTO
407,2018-0135,1,12/18/2018,2018,12,18,14:40:00,14,AVENIDA,BELGRANO AV.,1,-58.37471802,-34.61265002,PEATON,PASAJEROS
408,2018-0136,1,12/18/2018,2018,12,18,15:42:00,15,AVENIDA,RIVADAVIA AV.,7,-58.46438789,-34.62913916,PEATON,PASAJEROS
409,2018-0137,1,12/18/2018,2018,12,18,20:15:00,20,CALLE,"ALSINA, ADOLFO",1,-58.38481975,-34.61100424,MOTO,PASAJEROS
410,2018-0138,1,12/21/2018,2018,12,21,09:30:00,9,CALLE,BERMUDEZ,10,-58.50751833,-34.62073702,PASAJEROS,PASAJEROS
411,2018-0139,1,12/22/2018,2018,12,22,06:30:00,6,CALLE,SANTANDER,7,-58.44682986,-34.63888084,MOTO,MOTO
412,2018-0140,1,12/22/2018,2018,12,22,8:05:00,8,CALLE,LANTERI JULIETA,1,-58.3600465,-34.61381341,AUTO,AUTO
413,2018-0141,1,12/22/2018,2018,12,22,17:40:00,17,AVENIDA,MAZA,5,-58.41509546,-34.62085945,PEATON,MOTO
414,2018-0142,1,12/25/2018,2018,12,25,13:30:00,13,GRAL PAZ,"PAZ, GRAL. AV.",12,-58.50997604,-34.57251072,CARGAS,PASAJEROS
415,2018-0143,1,12/29/2018,2018,12,29,05:25:00,5,AVENIDA,OLIVERA AV.,10,-58.48606475,-34.64047818,MOTO,AUTO
416,2019-0001,1,1/8/2019,2019,1,8,8:30:00,8,AVENIDA,"CASTILLO, RAMON S., PRES. AV.",2,-58.38526125,-34.5780581,MOTO,CARGAS
417,2019-0002,1,1/9/2019,2019,1,9,4:00:00,4,AVENIDA,CASTA?ARES AV.,7,-58.45463662,-34.65082149,AUTO,CARGAS
418,2019-0003,1,1/12/2019,2019,1,12,8:00:00,8,AVENIDA,SAN MARTIN AV.,15,-58.49121672,-34.59718073,MOTO,AUTO
419,2019-0004,1,1/14/2019,2019,1,14,19:58:00,19,AVENIDA,"PERON, EVA AV.",9,-58.47325712,-34.65284605,AUTO,PASAJEROS
420,2019-0005,1,1/19/2019,2019,1,19,12:00:00,12,AVENIDA,"JUSTO, JUAN B. AV.",10,-58.52108101,-34.63382309,MOTO,CARGAS
421,2019-0006,1,1/23/2019,2019,1,23,5:45:00,5,AVENIDA,"OBLIGADO RAFAEL, AV.COSTANERA",14,-58.41652702,-34.55509606,PEATON,AUTO
422,2019-0007,1,1/26/2019,2019,1,26,19:34:00,19,CALLE,"MITRE, BARTOLOME",5,-58.42891604,-34.6107166,MOTO,AUTO
423,2019-0008,1,1/30/2019,2019,1,30,22:45:00,22,GRAL PAZ,"PAZ, GRAL. AV.",8,-58.47802293,-34.69156793,MOTO,MULTIPLE
424,2019-0009,1,1/31/2019,2019,1,31,14:55:00,14,AVENIDA,CHACABUCO,1,-58.37564821,-34.62200207,MOTO,AUTO
425,2019-0010,2,2/2/2019,2019,2,2,7:50:00,7,AVENIDA,DEL LIBERTADOR AV.,14,-58.42668489,-34.56961468,PEATON,AUTO
426,2019-0011,1,2/10/2019,2019,2,10,1:00:00,1,GRAL PAZ,"PAZ, GRAL. AV.",9,-58.5183993,-34.66252488,PEATON,AUTO
427,2019-0012,1,2/17/2019,2019,2,17,3:16:00,3,AVENIDA,CASTA?ARES AV.,8,-58.48432691,-34.67665828,MOTO,AUTO
428,2019-0013,1,2/20/2019,2019,2,20,7:30:00,7,CALLE,SALVIGNY,7,-58.4338383,-34.64457699,PEATON,AUTO
429,2019-0014,1,2/20/2019,2019,2,20,17:30:00,17,CALLE,"LAMARCA, EMILIO",11,-58.51664939,-34.58657938,MOTO,OBJETO FIJO
430,2019-0015,1,2/23/2019,2019,2,23,6:57:00,6,AVENIDA,SAN MARTIN AV.,11,-58.49613012,-34.59703502,AUTO,OBJETO FIJO
431,2019-0016,1,2/24/2019,2019,2,24,2:00:00,2,CALLE,"CARRILLO, RAMON, DR.",4,-58.38313603,-34.63356284,MOTO,PASAJEROS
432,2019-0017,1,3/3/2019,2019,3,3,7:00:00,7,CALLE,MEXICO,3,-58.39914719,-34.61632317,AUTO,PASAJEROS
433,2019-0018,1,3/3/2019,2019,3,3,23:30:00,23,AUTOPISTA,"CANTILO, INT.",13,-58.44927253,-34.54048625,PEATON,AUTO
434,2019-0019,1,3/6/2019,2019,3,6,12:00:00,12,AVENIDA,DEL LIBERTADOR AV.,13,-58.45049163,-34.55374003,MOTO,AUTO
435,2019-0020,1,3/7/2019,2019,3,7,21:01:00,21,AVENIDA,CHICLANA AV.,5,-58.41288952,-34.63572989,MOTO,AUTO
436,2019-0021,1,3/15/2019,2019,3,15,22:50:00,22,AVENIDA,BOYACA AV.,7,-58.45743597,-34.62561234,MOTO,AUTO
437,2019-0022,1,3/15/2019,2019,3,15,0:00:00,0,AVENIDA,ENTRE RIOS AV.,1,-58.39123782,-34.62352245,AUTO,AUTO
438,2019-0023,1,3/16/2019,2019,3,16,8:28:00,8,GRAL PAZ,"PAZ, GRAL. AV.",9,-58.52922765,-34.63637963,AUTO,OBJETO FIJO
439,2019-0024,1,3/19/2019,2019,3,19,7:12:00,7,AVENIDA,ANTARTIDA ARGENTINA AV.,1,-58.37208118,-34.58541957,MOTO,CARGAS
440,2019-0025,1,3/22/2019,2019,3,22,13:10:00,13,CALLE,"MITRE, BARTOLOME",5,-58.41458534,-34.60937557,PEATON,AUTO
441,2019-0026,1,3/28/2019,2019,3,28,7:32:00,7,AVENIDA,"FERNANDEZ DE LA CRUZ, F., GRAL. AV.",8,-58.47976785,-34.69153196,PEATON,PASAJEROS
442,2019-0027,1,3/28/2019,2019,3,28,11:11:00,11,AVENIDA,SANTA FE AV.,2,-58.39990285,-34.59511714,BICICLETA,MULTIPLE
443,2019-0028,1,4/6/2019,2019,4,6,9:15:00,9,AVENIDA,"JUSTO, JUAN B. AV.",11,-58.46051346,-34.60588536,PEATON,PASAJEROS
444,2019-0029,1,4/7/2019,2019,4,7,10:15:00,10,AVENIDA,"FERNANDEZ DE LA CRUZ, F., GRAL. AV.",8,-58.47976785,-34.69153196,MOTO,OBJETO FIJO
445,2019-0030,1,4/9/2019,2019,4,9,16:00:00,16,CALLE,"ALVAREZ, DONATO, TTE. GRAL.",7,-58.45457546,-34.62447891,MOTO,CARGAS
446,2019-0031,1,4/12/2019,2019,4,12,19:55:00,19,AVENIDA,CORDOBA AV.,1,-58.36951669,-34.59832047,BICICLETA,CARGAS
447,2019-0032,1,4/16/2019,2019,4,16,11:00:00,11,AVENIDA,CAMARONES,11,-58.46415322,-34.6044379,PEATON,AUTO
448,2019-0033,1,4/18/2019,2019,4,18,1:00:00,1,AUTOPISTA,AUTOPISTA 25 DE MAYO,1,-58.36607137,-34.62150748,MOTO,AUTO
449,2019-0034,1,4/21/2019,2019,4,21,9:08:00,9,AVENIDA,"MORENO, PERITO AV.",7,-58.45537373,-34.65093074,MOTO,OBJETO FIJO
450,2019-0035,1,4/23/2019,2019,4,23,14:10:00,14,CALLE,SUIPACHA,1,-58.37942637,-34.60053054,PEATON,BICICLETA
451,2019-0036,1,4/26/2019,2019,4,26,22:46:00,22,CALLE,RIGLOS,6,-58.4368044,-34.62147504,MOTO,AUTO
452,2019-0037,1,5/1/2019,2019,5,1,23:10:00,23,AVENIDA,LA RIOJA,3,-58.40778291,-34.61971907,MOTO,AUTO
453,2019-0038,1,5/4/2019,2019,5,4,14:10:00,14,AVENIDA,"UDAONDO, GUILLERMO AV.",13,-58.45212523,-34.54628513,PEATON,MOTO
454,2019-0039,1,5/9/2019,2019,5,9,3:05:00,3,AVENIDA,SAN PEDRITO AV.,7,-58.46749188,-34.63551751,MOTO,AUTO
455,2019-0040,1,5/9/2019,2019,5,9,12:45:00,12,CALLE,PUAN,7,-58.4426358,-34.63679732,MOTO,AUTO
456,2019-0041,1,5/11/2019,2019,5,11,20:30:00,20,AVENIDA,"ALBERDI, JUAN BAUTISTA AV.",9,-58.51140289,-34.65846419,AUTO,MULTIPLE
457,2019-0042,1,5/14/2019,2019,5,14,15:00:00,15,CALLE,LIMA,1,-58.38211431,-34.62465368,PEATON,PASAJEROS
458,2019-0043,1,5/21/2019,2019,5,21,9:00:00,9,AVENIDA,CORDOBA AV.,1,-58.36951669,-34.59832047,BICICLETA,CARGAS
459,2019-0044,1,5/27/2019,2019,5,27,12:45:00,12,AVENIDA,BOEDO AV.,5,-58.41635217,-34.62036547,PEATON,MOTO
460,2019-0045,1,6/3/2019,2019,6,3,7:27:00,7,AVENIDA,DEL LIBERTADOR AV.,14,-58.41316147,-34.57579669,MOTO,CARGAS
461,2019-0046,1,6/4/2019,2019,6,4,9:00:00,9,GRAL PAZ,"PAZ, GRAL. AV.",13,-58.47617802,-34.53825652,MOTO,AUTO
462,2019-0047,1,6/6/2019,2019,6,6,10:00:00,10,AVENIDA,CASEROS AV.,4,-58.38641783,-34.63330028,PEATON,CARGAS
463,2019-0048,1,6/7/2019,2019,6,7,7:00:00,7,AVENIDA,AVELLANEDA AV.,6,-58.45322169,-34.62038137,MOTO,CARGAS
464,2019-0049,1,6/8/2019,2019,6,8,9:20:00,9,CALLE,CIUDAD DE LA PAZ,13,-58.45849057,-34.56166498,PEATON,CARGAS
465,2019-0050,1,6/8/2019,2019,6,8,23:35:00,23,AVENIDA,"SALGUERO, JERONIMO",14,-58.41829559,-34.59411677,MOTO,CARGAS
466,2019-0051,1,6/11/2019,2019,6,11,10:00:00,10,CALLE,"FILIBERTO, JUAN DE DIOS",4,-58.36376488,-34.63832093,MOTO,AUTO
467,2019-0053,1,6/14/2019,2019,6,14,17:20:00,17,AVENIDA,ASTURIAS AV.,8,-58.46442668,-34.66004784,AUTO,AUTO
468,2019-0054,1,6/20/2019,2019,6,20,3:00:00,3,CALLE,GANDARA,15,-58.48222035,-34.58428769,MOTO,OBJETO FIJO
469,2019-0055,1,6/20/2019,2019,6,20,19:45:00,19,AVENIDA,"GUEVARA, TRINIDAD",1,-58.36819005,-34.60283208,MOTO,PASAJEROS
470,2019-0056,1,6/29/2019,2019,6,29,17:16:00,17,AVENIDA,BOYACA AV.,7,-58.45877601,-34.62330939,PEATON,AUTO
471,2019-0057,1,7/5/2019,2019,7,5,19:00:00,19,CALLE,ARTILLEROS,13,-58.44196498,-34.55760517,PEATON,AUTO
472,2019-0058,1,7/10/2019,2019,7,10,9:20:00,9,AUTOPISTA,AUTOPISTA PERITO MORENO,10,-58.50622631,-34.63627822,MOTO,PASAJEROS
473,2019-0059,1,7/13/2019,2019,7,13,22:35:00,22,CALLE,15 DE NOVIEMBRE DE 1889,1,-58.3841088,-34.63099197,MOTO,PASAJEROS
474,2019-0060,1,7/17/2019,2019,7,17,11:20:00,11,AVENIDA,"ACOSTA, MARIANO AV.",10,-58.48100602,-34.63504312,PEATON,AUTO
475,2019-0061,1,7/17/2019,2019,7,17,18:40:00,18,CALLE,11 DE SEPTIEMBRE DE 1888,13,-58.45200171,-34.5578132,PEATON,PASAJEROS
476,2019-0062,1,8/1/2019,2019,8,1,23:00:00,23,AVENIDA,"PINO, VIRREY DEL",13,-58.44462132,-34.56201105,PEATON,PASAJEROS
477,2019-0063,1,8/4/2019,2019,8,4,1:30:00,1,AVENIDA,FOREST AV.,15,-58.45220688,-34.58711712,MOTO,PASAJEROS
478,2019-0064,1,8/6/2019,2019,8,6,3:15:00,3,AVENIDA,BOYACA AV.,7,-58.4596221,-34.6224514,MOTO,AUTO
479,2019-0065,1,8/8/2019,2019,8,8,16:45:00,16,CALLE,BARCO CENTENERA DEL,4,-58.4197085,-34.65414867,PEATON,PASAJEROS
480,2019-0066,1,8/11/2019,2019,8,11,21:15:00,21,AVENIDA,RIESTRA AV.,7,-58.44187596,-34.64938031,PEATON,AUTO
481,2019-0067,1,8/14/2019,2019,8,14,15:00:00,15,CALLE,"CASTRO, EMILIO",10,-58.49101637,-34.64276621,MOTO,CARGAS
482,2019-0068,1,8/14/2019,2019,8,14,17:40:00,17,AVENIDA,27 DE FEBRERO AV.,8,-58.42493829,-34.66256502,MOTO,MOTO
483,2019-0069,1,8/17/2019,2019,8,17,5:25:00,5,AVENIDA,"GARAY, JUAN DE AV.",4,-58.40489318,-34.62930162,MOTO,AUTO
484,2019-0070,1,8/22/2019,2019,8,22,12:30:00,12,AVENIDA,"SCALABRINI ORTIZ, RAUL AV.",14,-58.4268668,-34.59217875,MOTO,BICICLETA
485,2019-0071,1,8/27/2019,2019,8,27,11:30:00,11,AVENIDA,PRIMERA JUNTA,9,-58.479611,-34.65620398,PEATON,CARGAS
486,2019-0072,1,8/28/2019,2019,8,28,6:20:00,6,AVENIDA,"ALBERDI, JUAN BAUTISTA AV.",10,-58.47439934,-34.63524207,AUTO,AUTO
487,2019-0073,1,8/29/2019,2019,8,29,1:50:00,1,AVENIDA,ALVAREZ THOMAS AV.,15,-58.46711912,-34.57926018,AUTO,OBJETO FIJO
488,2019-0074,1,8/29/2019,2019,8,29,9:00:00,9,AUTOPISTA,"LUGONES, LEOPOLDO AV.",13,-58.46514781,-34.53465378,MOTO,CARGAS
489,2019-0075,1,8/30/2019,2019,8,30,23:20:00,23,CALLE,SAN ANTONIO,4,-58.37571078,-34.65584079,MOTO,PASAJEROS
490,2019-0076,1,9/5/2019,2019,9,5,18:00:00,18,AUTOPISTA,AUTOPISTA 1 SUR PRESIDENTE ARTURO FRONDIZI,4,-58.37157668,-34.65429986,MOTO,CARGAS
491,2019-0077,1,9/8/2019,2019,9,8,3:40:00,3,AVENIDA,"FIGUEROA ALCORTA, PRES. AV.",14,-58.39811256,-34.58070186,PEATON,AUTO
492,2019-0078,1,9/12/2019,2019,9,12,8:25:00,8,AVENIDA,"EINSTEIN, ALBERTO",4,-58.41125934,-34.6541774,PEATON,CARGAS
493,2019-0079,1,9/17/2019,2019,9,17,5:30:00,5,CALLE,AGRELO,5,-58.41822901,-34.61866836,MOTO,PASAJEROS
494,2019-0080,1,9/17/2019,2019,9,17,18:40:00,18,GRAL PAZ,CABILDO AV.,13,-58.47617802,-34.53825652,PEATON,MOTO
495,2019-0081,1,9/23/2019,2019,9,23,16:00:00,16,AVENIDA,ELCANO AV.,15,-58.46141281,-34.58623761,PEATON,PASAJEROS
496,2019-0082,1,9/25/2019,2019,9,25,7:45:00,7,AVENIDA,"RABANAL, FRANCISCO, INTENDENTE AV.",8,-58.42985146,-34.6611974,BICICLETA,CARGAS
497,2019-0083,1,9/26/2019,2019,9,26,8:00:00,8,CALLE,MONTE,9,-58.48457413,-34.6583909,AUTO,AUTO
498,2019-0084,1,9/27/2019,2019,9,27,11:45:00,11,CALLE,TANDIL,7,-58.46572884,-34.63628186,BICICLETA,CARGAS
499,2019-0085,1,10/9/2019,2019,10,9,22:18:00,22,CALLE,CARDOSO,10,-58.49261744,-34.6341913,BICICLETA,TREN
500,2019-0086,1,10/15/2019,2019,10,15,14:10:00,14,AVENIDA,CORRIENTES AV.,15,-58.45283186,-34.5884156,MOTO,PASAJEROS
501,2019-0087,1,10/21/2019,2019,10,21,21:00:00,21,AVENIDA,ALVAREZ THOMAS AV.,12,-58.47973681,-34.57418656,MOTO,MOTO
502,2019-0088,1,10/22/2019,2019,10,22,20:00:00,20,AVENIDA,"ALCORTA, AMANCIO AV.",4,-58.40623949,-34.65076549,PEATON,PASAJEROS
503,2019-0089,1,10/23/2019,2019,10,23,15:45:00,15,AVENIDA,"BROWN, ALTE. AV.",4,-58.36244648,-34.63107887,PEATON,CARGAS
504,2019-0090,1,10/24/2019,2019,10,24,18:26:00,18,AVENIDA,"ALBERDI, JUAN BAUTISTA AV.",9,-58.49962423,-34.64868027,PEATON,MOTO
505,2019-0091,1,11/1/2019,2019,11,1,20:50:00,20,AVENIDA,"JUSTO, JUAN B. AV.",15,-58.44551437,-34.59559816,PEATON,PASAJEROS
506,2019-0092,1,11/3/2019,2019,11,3,10:30:00,10,CALLE,"BRIN, MINISTRO",4,-58.35608181,-34.63420319,PEATON,PASAJEROS
507,2019-0093,1,11/13/2019,2019,11,13,11:50:00,11,AVENIDA,NIZA,11,-58.46483679,-34.60907662,BICICLETA,OTRO
508,2019-0094,1,11/18/2019,2019,11,18,14:00:00,14,CALLE,CAMARGO,15,-58.44368628,-34.59724326,MOTO,OTRO
509,2019-0095,1,11/20/2019,2019,11,20,15:30:00,15,AUTOPISTA,AUTOPISTA 1 SUR PRESIDENTE ARTURO FRONDIZI,1,-58.37864583,-34.62907067,MOTO,CARGAS
510,2019-0096,1,11/22/2019,2019,11,22,19:33:00,19,AVENIDA,CASEROS AV.,1,-58.37560352,-34.62726382,PEATON,PASAJEROS
511,2019-0097,1,11/25/2019,2019,11,25,8:50:00,8,AUTOPISTA,AUTOPISTA PERITO MORENO,9,-58.47721439,-34.64815069,MOTO,MULTIPLE
512,2019-0098,1,11/25/2019,2019,11,25,14:00:00,14,AVENIDA,GUZMAN,15,-58.45134029,-34.58984288,PASAJEROS,PASAJEROS
513,2019-0100,1,12/5/2019,2019,12,5,17:30:00,17,AVENIDA,DE LOS CONSTITUYENTES AV.,12,-58.49040794,-34.58368803,MOTO,AUTO
514,2019-0101,1,12/17/2019,2019,12,17,4:20:00,4,AVENIDA,"MORENO, PERITO AV.",4,-58.42102679,-34.64991178,MOTO,MOTO
515,2019-0102,1,12/17/2019,2019,12,17,14:30:00,14,CALLE,IBARROLA,9,-58.52219407,-34.64143926,MOTO,AUTO
516,2019-0103,1,12/18/2019,2019,12,18,12:30:00,12,GRAL PAZ,"PAZ, GRAL. AV.",11,-58.52169422,-34.5947164,MOTO,MOTO
517,2019-0104,1,12/21/2019,2019,12,21,4:25:00,4,AVENIDA,RIVADAVIA AV.,10,-58.47460416,-34.63206174,MOTO,AUTO
518,2019-0105,1,5/5/2019,2019,5,5,11:00:00,11,AVENIDA,SANTO TOME,10,-58.50512382,-34.61520391,PEATON,AUTO
519,2020-0001,1,1/4/2020,2020,1,4,10:40:00,10,CALLE,URIARTE,15,-58.43910409,-34.59213355,PEATON,AUTO
520,2020-0002,1,1/5/2020,2020,1,5,20:00:00,20,AVENIDA,SARAZA,7,-58.45019436,-34.64646409,MOTO,OBJETO FIJO
521,2020-0003,1,1/11/2020,2020,1,11,6:00:00,6,AVENIDA,RIVADAVIA AV.,3,-58.39337644,-34.60927582,PEATON,AUTO
522,2020-0004,1,1/14/2020,2020,1,14,21:40:00,21,AVENIDA,RODRIGUEZ PE?A,1,-58.39055614,-34.60919284,PEATON,PASAJEROS
523,2020-0005,1,1/14/2020,2020,1,14,6:00:00,6,AVENIDA,24 DE NOVIEMBRE,3,-58.41036975,-34.62477021,MOTO,PASAJEROS
524,2020-0006,1,1/20/2020,2020,1,20,12:55:00,12,AVENIDA,LAFUENTE AV.,8,-58.44925765,-34.65412546,MOTO,CARGAS
525,2020-0007,1,1/27/2020,2020,1,27,0:37:00,0,CALLE,CHILE,1,-58.3815685,-34.61648696,PEATON,MOTO
526,2020-0008,1,1/30/2020,2020,1,30,7:10:00,7,AVENIDA,CORDOBA AV.,2,-58.40662899,-34.59804521,MOTO,CARGAS
527,2020-0009,1,2/4/2020,2020,2,4,14:50:00,14,CALLE,"PERON, JUAN DOMINGO, TTE. GENERAL",5,-58.41985649,-34.6060085,PEATON,AUTO
528,2020-0010,1,2/8/2020,2020,2,8,5:45:00,5,AVENIDA,9 DE JULIO AV.,1,-58.38099833,-34.62214953,MOTO,OBJETO FIJO
529,2020-0011,1,2/12/2020,2020,2,12,11:29:00,11,CALLE,COLOMBRES,5,-58.41803309,-34.61823178,MOTO,CARGAS
530,2020-0012,1,2/18/2020,2020,2,18,21:00:00,21,CALLE,MEXICO,3,-58.40604003,-34.61783553,PEATON,MOTO
531,2020-0013,1,2/20/2020,2020,2,20,12:00:00,12,AVENIDA,COMBATIENTES DE MALVINAS AV.,15,-58.47549929,-34.57994061,PEATON,MOTO
532,2020-0014,1,2/27/2020,2020,2,27,2:14:00,2,CALLE,BERMUDEZ,11,-58.51398484,-34.61600366,MOTO,PASAJEROS
533,2020-0015,1,2/28/2020,2020,2,28,14:30:00,14,AVENIDA,BRASIL AV.,1,-58.36797542,-34.62519403,MOTO,PASAJEROS
534,2020-0016,1,2/29/2020,2020,2,29,13:00:00,13,AVENIDA,"ALEM, LEANDRO N. AV.",1,-58.37133616,-34.59879316,PEATON,PASAJEROS
535,2020-0017,1,3/5/2020,2020,3,5,23:00:00,23,AVENIDA,BELGRANO AV.,3,-58.39613805,-34.61413568,PEATON,AUTO
536,2020-0018,1,3/9/2020,2020,3,9,14:00:00,14,AVENIDA,"UDAONDO, GUILLERMO AV.",13,-58.44903073,-34.54200276,MOTO,OBJETO FIJO
537,2020-0019,1,3/10/2020,2020,3,10,21:00:00,21,CALLE,CONSTITUCION,5,-58.41972364,-34.6284667,PEATON,AUTO
538,2020-0020,1,3/13/2020,2020,3,13,17:30:00,17,AVENIDA,PUEYRREDON AV.,3,-58.40571596,-34.60557123,PEATON,MOTO
539,2020-0021,1,3/14/2020,2020,3,14,16:50:00,16,CALLE,"BRAVO, MARIO",2,-58.4145159,-34.59488319,PEATON,AUTO
540,2020-0022,1,4/7/2020,2020,4,7,6:15:00,6,AUTOPISTA,AUTOPISTA DELLEPIANE LUIS TTE. GRAL.,9,-58.47297505,-34.66245085,AUTO,CARGAS
541,2020-0023,1,4/9/2020,2020,4,9,18:42:00,18,AVENIDA,"ARAOZ DE LAMADRID, GREGORIO, GRAL.",4,-58.35791192,-34.63695178,AUTO,CARGAS
542,2020-0024,1,4/24/2020,2020,4,24,7:58:00,7,CALLE,MURGUIONDO,9,-58.50801713,-34.65177305,AUTO,AUTO
543,2020-0025,1,5/12/2020,2020,5,12,5:35:00,5,AVENIDA,RIVADAVIA AV.,3,-58.40258477,-34.60975108,PEATON,AUTO
544,2020-0026,1,5/17/2020,2020,5,17,6:40:00,6,AUTOPISTA,"LUGONES, LEOPOLDO AV.",14,0.0,0.0,MOTO,OBJETO FIJO
545,2020-0027,1,5/18/2020,2020,5,18,8:00:00,8,AVENIDA,"DELLEPIANE, LUIS, TTE. GRAL.",8,-58.48267426,-34.68454456,PEATON,CARGAS
546,2020-0028,1,5/19/2020,2020,5,19,10:00:00,10,AVENIDA,"SCALABRINI ORTIZ, RAUL AV.",15,-58.44248936,-34.60221948,PEATON,PASAJEROS
547,2020-0029,1,6/10/2020,2020,6,10,14:00:00,14,GRAL PAZ,"PAZ, GRAL. AV.",9,-58.52909134,-34.63886726,PEATON,PASAJEROS
548,2020-0030,1,6/16/2020,2020,6,16,15:00:00,15,AVENIDA,SAN MARTIN AV.,6,-58.45158942,-34.6064658,MOTO,MULTIPLE
549,2020-0031,1,6/30/2020,2020,6,30,8:00:00,8,AVENIDA,"GARZON, EUGENIO, GRAL. AV.",9,-58.49344309,-34.65788529,MOTO,CARGAS
550,2020-0032,1,7/10/2020,2020,7,10,23:00:00,23,AVENIDA,CORRIENTES AV.,15,-58.44259166,-34.59635137,MOTO,AUTO
551,2020-0033,1,7/19/2020,2020,7,19,6:25:00,6,GRAL PAZ,"PAZ, GRAL. AV.",13,-58.46743471,-34.53476874,AUTO,OBJETO FIJO
552,2020-0034,1,8/2/2020,2020,8,2,3:20:00,3,CALLE,"MITRE, BARTOLOME",3,-58.41178158,-34.60922259,PEATON,AUTO
553,2020-0035,1,8/4/2020,2020,8,4,5:30:00,5,AUTOPISTA,AUTOPISTA 25 DE MAYO,7,-58.45068621,-34.63638927,MOTO,PASAJEROS
554,2020-0036,1,8/7/2020,2020,8,7,18:40:00,18,AVENIDA,"SCALABRINI ORTIZ, RAUL AV.",14,-58.42016954,-34.5877879,PEATON,MOTO
555,2020-0037,1,8/29/2020,2020,8,29,4:30:00,4,AVENIDA,"FERNANDEZ DE LA CRUZ, F., GRAL. AV.",8,-58.43850413,-34.65554754,PEATON,AUTO
556,2020-0038,2,8/30/2020,2020,8,30,4:00:00,4,AVENIDA,LAS HERAS GENERAL AV.,14,-58.40617526,-34.58345898,AUTO,AUTO
557,2020-0039,1,9/1/2020,2020,9,1,19:17:42,19,CALLE,MURGUIONDO,9,0.0,0.0,PEATON,CARGAS
558,2020-0040,1,9/12/2020,2020,9,12,3:30:00,3,AVENIDA,"CASTILLO, RAMON S., PRES. AV.",2,-58.38526125,-34.5780581,AUTO,OBJETO FIJO
559,2020-0041,1,9/28/2020,2020,9,28,1:45:00,1,AVENIDA,CURAPALIGUE,7,-58.4475047,-34.63491705,MOTO,PASAJEROS
560,2020-0042,1,9/29/2020,2020,9,29,17:10:00,17,AVENIDA,"DIAZ, ANA",8,-58.46745752,-34.68192648,PEATON,PASAJEROS
561,2020-0043,1,9/30/2020,2020,9,30,17:20:00,17,AVENIDA,"ALEM, LEANDRO N. AV.",1,-58.37202621,-34.59717942,PEATON,PASAJEROS
562,2020-0044,1,10/5/2020,2020,10,5,0:20:00,0,AVENIDA,LA PLATA AV.,6,-58.42779702,-34.62207347,AUTO,AUTO
563,2020-0045,1,10/19/2020,2020,10,19,3:00:00,3,GRAL PAZ,"PAZ, GRAL. AV.",8,-58.46244952,-34.70524971,AUTO,CARGAS
564,2020-0046,1,10/27/2020,2020,10,27,21:00:00,21,AVENIDA,NAZCA AV.,11,-58.4844016,-34.60776782,MOTO,MOTO
565,2020-0047,1,10/27/2020,2020,10,27,14:00:00,14,AUTOPISTA,AUTOPISTA PRESIDENTE HECTOR J. CAMPORA,9,-58.46668375,-34.65174801,PEATON,CARGAS
566,2020-0048,1,10/29/2020,2020,10,29,20:20:00,20,AVENIDA,DORREGO AV.,15,-58.4495878,-34.59322448,MOTO,OBJETO FIJO
567,2020-0049,1,10/30/2020,2020,10,30,20:00:00,20,AVENIDA,DEL LIBERTADOR AV.,1,-58.37533517,-34.59276462,PEATON,AUTO
568,2020-0050,1,11/1/2020,2020,11,1,22:00:00,22,AVENIDA,SANTA FE AV.,14,-58.42525456,-34.57866344,PEATON,MOTO
569,2020-0051,1,11/5/2020,2020,11,5,0:40:00,0,AVENIDA,AVELLANEDA AV.,10,-58.48493828,-34.62981124,MOTO,AUTO
570,2020-0052,1,11/7/2020,2020,11,7,6:50:00,6,AVENIDA,TUCUMAN,3,-58.40480504,-34.60183884,BICICLETA,CARGAS
571,2020-0053,1,11/9/2020,2020,11,9,3:30:00,3,AVENIDA,"ALCORTA, AMANCIO AV.",4,-58.41125934,-34.6541774,AUTO,AUTO
572,2020-0054,1,11/19/2020,2020,11,19,9:00:00,9,CALLE,INCLAN,4,-58.39956546,-34.6297708,BICICLETA,AUTO
573,2020-0055,1,11/19/2020,2020,11,19,12:30:00,12,AVENIDA,OLAZABAL AV.,12,-58.49005682,-34.5786897,PEATON,CARGAS
574,2020-0056,1,11/21/2020,2020,11,21,13:00:00,13,GRAL PAZ,"PAZ, GRAL. AV.",8,-58.47064556,-34.69843756,MOTO,CARGAS
575,2020-0057,1,11/23/2020,2020,11,23,7:45:00,7,AVENIDA,NAZCA AV.,11,-58.4750156,-34.61945902,PEATON,AUTO
576,2020-0058,1,11/24/2020,2020,11,24,16:00:00,16,AVENIDA,OLIVERA AV.,10,-58.48727942,-34.63652467,PEATON,AUTO
577,2020-0059,1,12/1/2020,2020,12,1,6:35:00,6,CALLE,BRASIL,1,-58.3795169,-34.62794241,PEATON,PASAJEROS
578,2020-0060,1,12/3/2020,2020,12,3,20:30:00,20,AVENIDA,HOMERO,9,-58.47750832,-34.65672199,PEATON,MOTO
579,2020-0061,1,12/3/2020,2020,12,3,14:40:00,14,AUTOPISTA,"CANTILO, INT.",13,-58.44927253,-34.54048625,MOTO,CARGAS
580,2020-0062,1,12/4/2020,2020,12,4,17:19:00,17,CALLE,MORENO,3,-58.39246272,-34.61253541,BICICLETA,PASAJEROS
581,2020-0063,2,12/5/2020,2020,12,5,7:10:00,7,CALLE,NUEVA YORK,11,-58.52783814,-34.61047001,PEATON,MOTO
582,2020-0065,1,12/5/2020,2020,12,5,16:00:00,16,GRAL PAZ,"PAZ, GRAL. AV.",12,-58.49332664,-34.54836855,MOTO,AUTO
583,2020-0066,1,12/7/2020,2020,12,7,4:30:00,4,AUTOPISTA,AUTOPISTA PERITO MORENO,10,-58.50178784,-34.63593897,MOTO,OBJETO FIJO
584,2020-0067,1,12/11/2020,2020,12,11,22:00:00,22,AVENIDA,SAENZ AV.,4,-58.41657793,-34.65476216,PEATON,PASAJEROS
585,2020-0068,1,12/12/2020,2020,12,12,20:30:00,20,AVENIDA,DEL LIBERTADOR AV.,2,-58.39731474,-34.58307887,MOTO,AUTO
586,2020-0069,1,12/15/2020,2020,12,15,5:20:00,5,AVENIDA,INDEPENDENCIA AV.,1,-58.38746381,-34.61790839,MOTO,PASAJEROS
587,2020-0070,1,12/17/2020,2020,12,17,15:35:00,15,AVENIDA,CALLAO AV.,2,-58.39189441,-34.59176378,PEATON,PASAJEROS
588,2020-0071,1,12/17/2020,2020,12,17,23:00:00,23,AVENIDA,SAN PEDRITO AV.,7,-58.46749188,-34.63551751,PEATON,AUTO
589,2020-0072,1,12/19/2020,2020,12,19,3:30:00,3,AVENIDA,JUJUY AV.,3,-58.40280471,-34.62113271,BICICLETA,AUTO
590,2020-0073,1,12/20/2020,2020,12,20,7:40:00,7,AVENIDA,27 DE FEBRERO AV.,8,-58.44451316,-34.68475866,MOTO,OBJETO FIJO
591,2020-0074,1,12/20/2020,2020,12,20,21:00:00,21,AVENIDA,BOGOTA,7,-58.47110424,-34.62742408,AUTO,AUTO
592,2020-0075,1,12/23/2020,2020,12,23,14:00:00,14,AVENIDA,CORRIENTES AV.,1,-58.38220928,-34.60373898,PEATON,PASAJEROS
593,2020-0076,1,12/24/2020,2020,12,24,12:30:00,12,AVENIDA,ALVAREZ JONTE AV.,10,-58.49794468,-34.61565025,AUTO,PASAJEROS
594,2020-0077,2,12/25/2020,2020,12,25,6:40:00,6,AVENIDA,SAN MARTIN AV.,15,-58.47220945,-34.60111373,MOTO,AUTO
595,2020-0078,1,12/25/2020,2020,12,25,5:50:00,5,CALLE,BARCO CENTENERA DEL,7,-58.43706741,-34.63217813,BICICLETA,PASAJEROS
596,2020-0079,1,12/27/2020,2020,12,27,4:15:00,4,GRAL PAZ,"PAZ, GRAL. AV.",12,-58.49332664,-34.54836855,MOTO,OBJETO FIJO
597,2021-0001,1,1/6/2021,2021,1,6,18:00:00,18,AUTOPISTA,AUTOPISTA 1 SUR PRESIDENTE ARTURO FRONDIZI,1,-58.37960727,-34.62622851,MOTO,AUTO
598,2021-0002,1,1/7/2021,2021,1,7,10:20:00,10,AVENIDA,"CASTRO, EMILIO AV.",9,-58.51061062,-34.64972472,MOTO,CARGAS
599,2021-0003,1,1/10/2021,2021,1,10,7:40:00,7,AUTOPISTA,AUTOPISTA 25 DE MAYO,7,-58.43052224,-34.62941648,MOTO,OBJETO FIJO
600,2021-0004,1,1/11/2021,2021,1,11,9:12:18,9,AVENIDA,CASEROS AV.,5,-58.41455544,-34.63866836,PEATON,CARGAS
601,2021-0005,1,1/11/2021,2021,1,11,21:30:00,21,AVENIDA,"PERON, EVA AV.",9,-58.46774439,-34.64730145,PEATON,AUTO
602,2021-0006,1,1/12/2021,2021,1,12,21:00:00,21,AUTOPISTA,AUTOPISTA ARTURO ILLIA,14,-58.40786274,-34.56726817,MOTO,CARGAS
603,2021-0007,1,1/18/2021,2021,1,18,10:00:00,10,AVENIDA,DE LOS CONSTITUYENTES AV.,15,-58.48744301,-34.58622275,MOTO,MOTO
604,2021-0008,1,1/22/2021,2021,1,22,23:30:00,23,AVENIDA,SAENZ AV.,4,-58.41657793,-34.65476216,PEATON,PASAJEROS
605,2021-0009,1,1/23/2021,2021,1,23,5:30:00,5,AVENIDA,PAYSANDU,6,-58.45351111,-34.61134937,MOTO,OBJETO FIJO
606,2021-0010,1,1/23/2021,2021,1,23,8:00:00,8,GRAL PAZ,"PAZ, GRAL. AV.",12,-58.5007381,-34.5497951,MOTO,AUTO
607,2021-0011,1,1/27/2021,2021,1,27,1:04:26,1,AVENIDA,SANTA FE AV.,2,-58.39144148,-34.59564871,PEATON,AUTO
608,2021-0012,1,1/29/2021,2021,1,29,20:07:22,20,AUTOPISTA,"DELLEPIANE, LUIS, TTE. GRAL.",8,-58.48191128,-34.68385968,PEATON,AUTO
609,2021-0013,1,1/31/2021,2021,1,31,6:10:00,6,AVENIDA,"FALCON, RAMON L.,CNEL.",10,-58.48727942,-34.63652467,MOTO,OBJETO FIJO
610,2021-0014,1,2/2/2021,2021,2,2,0:50:00,0,AVENIDA,SAN MARTIN AV.,15,-58.48328708,-34.59779521,PEATON,AUTO
611,2021-0015,1,2/6/2021,2021,2,6,3:05:00,3,AVENIDA,SAN MARTIN AV.,15,-58.49018543,-34.5972499,MOTO,OBJETO FIJO
612,2021-0016,1,2/14/2021,2021,2,14,5:50:00,5,AVENIDA,"FERNANDEZ DE LA CRUZ, F., GRAL. AV.",8,-58.47230127,-34.68482689,AUTO,OBJETO FIJO
613,2021-0017,1,2/17/2021,2021,2,17,4:10:00,4,AVENIDA,SALTA,1,-58.38262614,-34.63168269,MOTO,PASAJEROS
614,2021-0018,1,2/20/2021,2021,2,20,19:00:00,19,CALLE,"JAURES, JEAN",3,-58.41047268,-34.60793518,PEATON,AUTO
615,2021-0019,1,2/21/2021,2021,2,21,1:20:00,1,AVENIDA,TRIUNVIRATO AV.,12,-58.49659234,-34.56353635,MOTO,OBJETO FIJO
616,2021-0020,1,2/21/2021,2021,2,21,15:00:00,15,CALLE,POTOSI,5,-58.42462955,-34.60727189,PEATON,CARGAS
617,2021-0021,1,2/26/2021,2021,2,26,5:30:00,5,CALLE,"YRIGOYEN, HIPOLITO",3,-58.41168345,-34.61185625,MOTO,OBJETO FIJO
618,2021-0022,1,2/28/2021,2021,2,28,12:00:00,12,AVENIDA,DEL LIBERTADOR AV.,13,-58.45157681,-34.55217303,PASAJEROS,AUTO
619,2021-0023,1,3/1/2021,2021,3,1,9:20:00,9,AUTOPISTA,AUTOPISTA BUENOS AIRES - LA PLATA,4,0.0,0.0,MOTO,CARGAS
620,2021-0024,1,3/3/2021,2021,3,3,16:30:00,16,AVENIDA,"PERON, EVA AV.",9,-58.49573651,-34.67006054,BICICLETA,CARGAS
621,2021-0025,1,3/11/2021,2021,3,11,3:45:00,3,GRAL PAZ,"PAZ, GRAL. AV.",8,-58.48695354,-34.68795245,MOTO,OTRO
622,2021-0026,1,3/15/2021,2021,3,15,2:35:00,2,AUTOPISTA,AUTOPISTA 1 SUR PRESIDENTE ARTURO FRONDIZI,4,-58.37562539,-34.64449357,MOTO,OBJETO FIJO
623,2021-0027,1,3/16/2021,2021,3,16,15:30:00,15,GRAL PAZ,"PAZ, GRAL. AV.",12,-58.49491054,-34.54795581,MOTO,CARGAS
624,2021-0028,1,3/29/2021,2021,3,29,17:20:00,17,AVENIDA,COREA AV.,7,-58.44147621,-34.64357704,PEATON,PASAJEROS
625,2021-0029,1,3/31/2021,2021,3,31,18:05:00,18,AVENIDA,"FALCON, RAMON L.,CNEL.",7,-58.46899119,-34.63215432,AUTO,AUTO
626,2021-0030,1,4/3/2021,2021,4,3,18:30:00,18,CALLE,FINOCHIETTO ENRIQUE DR.,4,-58.38685612,-34.63455776,PEATON,PASAJEROS
627,2021-0031,1,4/7/2021,2021,4,7,10:29:00,10,AVENIDA,9 DE JULIO AV.,1,-58.38113667,-34.61765323,PEATON,CARGAS
628,2021-0032,1,4/10/2021,2021,4,10,19:55:00,19,AUTOPISTA,"CANTILO, INT.",13,-58.44112678,-34.54538956,PEATON,MOTO
629,2021-0033,1,4/14/2021,2021,4,14,17:50:00,17,AUTOPISTA,AUTOPISTA 25 DE MAYO,5,-58.41595919,-34.62743346,AUTO,OBJETO FIJO
630,2021-0034,1,4/19/2021,2021,4,19,14:40:00,14,AVENIDA,"ALCORTA, AMANCIO AV.",4,-58.40184094,-34.64546845,MOTO,CARGAS
631,2021-0035,1,5/3/2021,2021,5,3,9:20:00,9,AVENIDA,"JANER, ANA MARIA",8,-58.44642231,-34.65679806,MOTO,CARGAS
632,2021-0036,1,5/9/2021,2021,5,9,6:00:00,6,GRAL PAZ,"PAZ, GRAL. AV.",11,-58.52340614,-34.59798754,MOTO,OBJETO FIJO
633,2021-0037,1,5/11/2021,2021,5,11,7:10:00,7,AVENIDA,MONROE,13,-58.46649069,-34.56219075,PEATON,PASAJEROS
634,2021-0038,1,5/14/2021,2021,5,14,11:40:00,11,AVENIDA,"JUSTO, JUAN B. AV.",14,-58.42653328,-34.57816791,MOTO,CARGAS
635,2021-0039,1,5/15/2021,2021,5,15,12:09:00,12,AVENIDA,OLIDEN,9,-58.50407099,-34.65303372,BICICLETA,AUTO
636,2021-0040,1,5/20/2021,2021,5,20,5:50:00,5,GRAL PAZ,"PAZ, GRAL. AV.",13,-58.46743471,-34.53476874,MOTO,AUTO
637,2021-0041,1,5/20/2021,2021,5,20,8:30:00,8,AVENIDA,DEL LIBERTADOR AV.,14,-58.40986646,-34.5772806,PEATON,PASAJEROS
638,2021-0042,1,5/21/2021,2021,5,21,5:00:00,5,AVENIDA,RIVADAVIA AV.,9,-58.51739138,-34.63931792,PEATON,PASAJEROS
639,2021-0043,1,5/22/2021,2021,5,22,18:26:00,18,AVENIDA,"ALBERDI, JUAN BAUTISTA AV.",9,-58.50719962,-34.65556223,PEATON,AUTO
640,2021-0044,1,5/25/2021,2021,5,25,2:00:00,2,AVENIDA,"PERON, EVA AV.",9,-58.46712311,-34.64600222,MOTO,OBJETO FIJO
641,2021-0045,1,5/26/2021,2021,5,26,17:24:00,17,AUTOPISTA,AUTOPISTA 1 SUR PRESIDENTE ARTURO FRONDIZI,4,-58.37709334,-34.64035082,MOTO,MULTIPLE
642,2021-0046,1,5/31/2021,2021,5,31,2:00:00,2,AVENIDA,ELCANO AV.,15,-58.46033141,-34.58569883,AUTO,OBJETO FIJO
643,2021-0047,1,6/2/2021,2021,6,2,16:00:00,16,AVENIDA,"VEDIA, AGUSTIN DE",4,-58.42190745,-34.65633192,MOTO,AUTO
644,2021-0048,1,6/3/2021,2021,6,3,9:58:00,9,AVENIDA,CAPDEVILA,12,-58.49026573,-34.5698141,BICICLETA,AUTO
645,2021-0049,1,6/3/2021,2021,6,3,20:30:00,20,AVENIDA,"FERNANDEZ DE LA CRUZ, F., GRAL. AV.",8,-58.45410344,-34.66902702,AUTO,AUTO
646,2021-0050,1,6/10/2021,2021,6,10,13:30:00,13,AVENIDA,DEL LIBERTADOR AV.,13,-58.44751621,-34.55719892,MOTO,PASAJEROS
647,2021-0051,1,6/15/2021,2021,6,15,19:20:00,19,AVENIDA,27 DE FEBRERO AV.,4,-58.42040352,-34.66005171,PEATON,CARGAS
648,2021-0052,1,6/20/2021,2021,6,20,5:40:00,5,GRAL PAZ,"PAZ, GRAL. AV.",8,-58.49530249,-34.68010798,MOTO,OBJETO FIJO
649,2021-0053,1,6/20/2021,2021,6,20,12:00:00,12,AVENIDA,CORRIENTES AV.,15,-58.44399875,-34.5947736,PEATON,BICICLETA
650,2021-0054,1,6/22/2021,2021,6,22,14:44:00,14,CALLE,TABARE,4,-58.42759813,-34.65463857,MOTO,CARGAS
651,2021-0055,1,6/29/2021,2021,6,29,12:20:00,12,AVENIDA,CORRIENTES AV.,3,-58.40547222,-34.60456293,MOTO,CARGAS
652,2021-0056,1,7/9/2021,2021,7,9,23:25:00,23,AVENIDA,CORRALES,4,-58.42473018,-34.6500828,BICICLETA,AUTO
653,2021-0057,1,7/10/2021,2021,7,10,23:30:00,23,AUTOPISTA,AUTOPISTA ARTURO ILLIA,2,-58.39257023,-34.57563957,AUTO,OBJETO FIJO
654,2021-0058,1,7/21/2021,2021,7,21,0:40:00,0,GRAL PAZ,"PAZ, GRAL. AV.",12,-58.48941042,-34.54596153,PEATON,AUTO
655,2021-0059,1,7/22/2021,2021,7,22,1:20:00,1,AVENIDA,"GARAY, JUAN DE AV.",3,-58.3964074,-34.62783085,AUTO,OBJETO FIJO
656,2021-0060,1,7/22/2021,2021,7,22,12:30:00,12,AVENIDA,"SALGUERO, JERONIMO",5,-58.41971993,-34.6111224,PEATON,PASAJEROS
657,2021-0061,1,7/24/2021,2021,7,24,9:15:00,9,AVENIDA,"MORENO, PERITO AV.",4,-58.40544588,-34.65012801,PEATON,CARGAS
658,2021-0062,1,7/27/2021,2021,7,27,7:16:00,7,AVENIDA,LA PLATA AV.,4,-58.42003882,-34.64645957,AUTO,CARGAS
659,2021-0063,1,8/2/2021,2021,8,2,4:40:00,4,AVENIDA,"ALBERDI, JUAN BAUTISTA AV.",7,-58.46851293,-34.63348678,AUTO,AUTO
660,2021-0064,1,8/2/2021,2021,8,2,20:00:00,20,GRAL PAZ,"PAZ, GRAL. AV.",9,-58.52931141,-34.65422917,PEATON,CARGAS
661,2021-0065,1,8/6/2021,2021,8,6,8:30:00,8,AVENIDA,SAN JUAN AV.,6,-58.42675754,-34.6269973,PEATON,PASAJEROS
662,2021-0066,1,8/6/2021,2021,8,6,20:00:00,20,AVENIDA,LOPE DE VEGA AV.,11,-58.52933723,-34.61098186,PEATON,PASAJEROS
663,2021-0067,1,8/8/2021,2021,8,8,9:29:00,9,AUTOPISTA,AUTOPISTA 1 SUR PRESIDENTE ARTURO FRONDIZI,1,-58.37910943,-34.62764718,MOTO,OBJETO FIJO
664,2021-0068,1,8/15/2021,2021,8,15,6:10:00,6,AVENIDA,"BEIRO, FRANCISCO AV.",11,-58.52161176,-34.61164474,MOTO,OBJETO FIJO
665,2021-0069,1,8/20/2021,2021,8,20,17:15:00,17,AVENIDA,SANTA FE AV.,14,-58.41354692,-34.5869768,PEATON,AUTO
666,2021-0070,1,8/28/2021,2021,8,28,8:30:00,8,AVENIDA,"CHILAVERT, MARTINIANO, CORONEL",8,-58.43960781,-34.65470804,MOTO,CARGAS
667,2021-0071,1,8/31/2021,2021,8,31,16:00:00,16,CALLE,SAN LUIS,3,-58.4045461,-34.60003693,PEATON,MOTO
668,2021-0072,1,9/1/2021,2021,9,1,19:10:00,19,AVENIDA,CALLAO AV.,2,-58.39303911,-34.59871111,PEATON,AUTO
669,2021-0073,1,9/18/2021,2021,9,18,12:20:00,12,AVENIDA,DEL LIBERTADOR AV.,2,-58.39391034,-34.58405348,BICICLETA,AUTO
670,2021-0074,1,9/20/2021,2021,9,20,15:00:00,15,GRAL PAZ,"PAZ, GRAL. AV.",12,-58.5007381,-34.5497951,MOTO,MULTIPLE
671,2021-0075,1,9/21/2021,2021,9,21,14:30:00,14,CALLE,SALTA,1,-58.38281301,-34.62786038,PEATON,CARGAS
672,2021-0076,1,10/16/2021,2021,10,16,6:15:00,6,AVENIDA,"MORENO, PERITO AV.",7,-58.43980799,-34.65094083,MOTO,OBJETO FIJO
673,2021-0077,1,10/18/2021,2021,10,18,7:20:00,7,AVENIDA,DIRECTORIO AV.,6,-58.44402387,-34.62933109,MOTO,CARGAS
674,2021-0078,1,10/23/2021,2021,10,23,6:35:00,6,AVENIDA,INDEPENDENCIA AV.,6,-58.42779702,-34.62207347,MOTO,PASAJEROS
675,2021-0079,1,10/25/2021,2021,10,25,3:30:00,3,CALLE,TUCUMAN,3,-58.40944147,-34.60097942,PEATON,AUTO
676,2021-0080,1,10/28/2021,2021,10,28,16:16:00,16,AVENIDA,ARENALES,1,-58.38277479,-34.5943016,MOTO,AUTO
677,2021-0081,1,11/2/2021,2021,11,2,13:35:00,13,AUTOPISTA,AUTOPISTA 1 SUR PRESIDENTE ARTURO FRONDIZI,4,-58.37627355,-34.63800916,MOTO,CARGAS
678,2021-0082,1,11/6/2021,2021,11,6,4:39:00,4,AUTOPISTA,AUTOPISTA 25 DE MAYO,3,-58.39591856,-34.62453459,MOTO,AUTO
679,2021-0083,1,11/9/2021,2021,11,9,0:35:00,0,AVENIDA,CABILDO AV.,13,-58.45829717,-34.56015762,MOTO,AUTO
680,2021-0084,1,11/11/2021,2021,11,11,3:00:00,3,AVENIDA,TAPALQUE,9,-58.49142611,-34.64584795,AUTO,OBJETO FIJO
681,2021-0085,1,11/20/2021,2021,11,20,18:30:00,18,GRAL PAZ,"PAZ, GRAL. AV.",12,-58.51271409,-34.57786555,MOTO,OBJETO FIJO
682,2021-0086,1,11/25/2021,2021,11,25,10:10:00,10,AVENIDA,RIVADAVIA AV.,6,-58.44864864,-34.62352826,PEATON,PASAJEROS
683,2021-0087,1,11/27/2021,2021,11,27,11:22:00,11,CALLE,ESMERALDA,1,-58.37795815,-34.59167894,PEATON,BICICLETA
684,2021-0088,1,12/1/2021,2021,12,1,15:40:00,15,CALLE,MONROE,13,-58.45531707,-34.55555257,MOTO,AUTO
685,2021-0089,1,12/2/2021,2021,12,2,1:10:00,1,AVENIDA,GAONA AV.,11,-58.47633683,-34.62140594,MOTO,AUTO
686,2021-0090,1,12/10/2021,2021,12,10,11:45:00,11,AVENIDA,9 DE JULIO AV.,1,-58.38188582,-34.60256036,PEATON,PASAJEROS
687,2021-0091,1,12/11/2021,2021,12,11,23:00:00,23,CALLE,BAIGORRIA,10,-58.51989389,-34.62284918,MOTO,AUTO
688,2021-0092,1,12/12/2021,2021,12,12,6:20:00,6,AVENIDA,RIVADAVIA AV.,3,-58.4059686,-34.61011987,PEATON,AUTO
689,2021-0093,1,12/13/2021,2021,12,13,17:10:00,17,AVENIDA,RIESTRA AV.,7,-58.43353773,-34.64561636,MOTO,AUTO
690,2021-0094,1,12/20/2021,2021,12,20,1:10:00,1,AUTOPISTA,"DELLEPIANE, LUIS, TTE. GRAL.",9,-58.46739825,-34.65117757,MOTO,AUTO
691,2021-0095,1,12/30/2021,2021,12,30,0:43:00,0,AVENIDA,GAONA AV.,11,-58.47293407,-34.61984745,MOTO,CARGAS
692,2021-0096,1,12/15/2021,2021,12,15,10:30:00,10,AVENIDA,"PERON, EVA AV.",9,-58.47066794,-34.65021673,AUTO,CARGAS
693,2021-0097,1,11/18/2021,2021,11,18,6:10:00,6,CALLE,PADRE CARLOS MUJICA,1,-58.37976155,-34.58679619,BICICLETA,AUTO
